2026-01-31 15:37:17,873 - INFO - ============================================================
2026-01-31 15:37:17,873 - INFO - FIDE Data Update Process Started
2026-01-31 15:37:17,873 - INFO - ============================================================
2026-01-31 15:37:17,873 - INFO - Downloading FIDE data from https://ratings.fide.com/download/standard_rating_list_xml.zip
2026-01-31 15:37:19,529 - INFO - Downloaded 13415888 bytes
2026-01-31 15:37:19,855 - INFO - Extracted XML file: temp/standard_rating_list.xml
2026-01-31 15:37:20,102 - INFO - New data detected or first run
2026-01-31 15:37:20,102 - INFO - Parsing XML data...
2026-01-31 15:37:25,329 - INFO - Parsed 531422 total players, kept 23865 titled players
2026-01-31 15:37:25,484 - INFO - Aggregating data by country...
2026-01-31 15:37:25,496 - INFO - Aggregated data for 196 countries
2026-01-31 15:37:25,496 - INFO - Generating JSON output...
2026-01-31 15:37:25,497 - INFO - Tracking monthly changes...
2026-01-31 15:37:25,498 - INFO - NEW COUNTRY with titled players: NON
2026-01-31 15:37:25,498 - INFO - NEW COUNTRY with titled players: SSD
2026-01-31 15:37:25,499 - INFO - Monthly changes: +149, -36, net: 113
2026-01-31 15:37:25,499 - INFO -   GM: +6, -4
2026-01-31 15:37:25,499 - INFO -   IM: +7, -2
2026-01-31 15:37:25,499 - INFO -   FM: +32, -4
2026-01-31 15:37:25,499 - INFO -   CM: +56, -9
2026-01-31 15:37:25,499 - INFO -   WIM: +11, -1
2026-01-31 15:37:25,499 - INFO -   WFM: +19, -7
2026-01-31 15:37:25,499 - INFO -   WCM: +18, -9
2026-01-31 15:37:25,499 - INFO - Tracking new GMs and WGMs...
2026-01-31 15:37:25,505 - INFO - Total worldwide: 1879 GMs, 339 WGMs
2026-01-31 15:37:25,511 - INFO - JSON file saved successfully: titled_players_by_country.json
2026-01-31 15:37:25,512 - INFO - Metadata saved: January 31, 2026
2026-01-31 15:37:25,512 - INFO - ============================================================
2026-01-31 15:37:25,512 - INFO - FIDE Data Update Process Completed Successfully!
2026-01-31 15:37:25,512 - INFO - ============================================================
2026-02-01 10:27:17,323 - INFO - Loaded previous data for comparison
2026-02-01 10:27:17,324 - INFO - Processing new data...
2026-02-01 10:27:17,324 - INFO - ============================================================
2026-02-01 10:27:17,324 - INFO - FIDE Data Update Process Started
2026-02-01 10:27:17,324 - INFO - ============================================================
2026-02-01 10:27:17,324 - INFO - Downloading FIDE data from https://ratings.fide.com/download/standard_rating_list_xml.zip
2026-02-01 10:27:19,525 - INFO - Downloaded 13581737 bytes
2026-02-01 10:27:19,848 - INFO - Extracted XML file: temp/standard_rating_list.xml
2026-02-01 10:27:19,850 - INFO - Parsing XML data...
2026-02-01 10:27:24,947 - INFO - Parsed 537397 total players, kept 23865 titled players
2026-02-01 10:27:25,160 - INFO - Generating JSON output...
2026-02-01 10:27:25,161 - INFO - Aggregated data for 196 countries
2026-02-01 10:27:25,161 - INFO - Tracking monthly changes...
2026-02-01 10:27:25,161 - INFO - NEW COUNTRY with titled players: IRI
2026-02-01 10:27:25,162 - INFO - NEW COUNTRY with titled players: MGL
2026-02-01 10:27:25,162 - INFO - NEW COUNTRY with titled players: MNC
2026-02-01 10:27:25,162 - INFO - NEW COUNTRY with titled players: FIJ
2026-02-01 10:27:25,162 - INFO - NEW COUNTRY with titled players: AUS
2026-02-01 10:27:25,162 - INFO - NEW COUNTRY with titled players: CPV
2026-02-01 10:27:25,162 - INFO - NEW COUNTRY with titled players: IRQ
2026-02-01 10:27:25,162 - INFO - NEW COUNTRY with titled players: TLS
2026-02-01 10:27:25,162 - INFO - NEW COUNTRY with titled players: KOR
2026-02-01 10:27:25,162 - INFO - NEW COUNTRY with titled players: HAI
2026-02-01 10:27:25,162 - INFO - NEW COUNTRY with titled players: ROU
2026-02-01 10:27:25,162 - INFO - NEW COUNTRY with titled players: SRB
2026-02-01 10:27:25,162 - INFO - NEW COUNTRY with titled players: PUR
2026-02-01 10:27:25,162 - INFO - NEW COUNTRY with titled players: TKM
2026-02-01 10:27:25,162 - INFO - NEW COUNTRY with titled players: BDI
2026-02-01 10:27:25,162 - INFO - NEW COUNTRY with titled players: CZE
2026-02-01 10:27:25,163 - INFO - NEW COUNTRY with titled players: DMA
2026-02-01 10:27:25,163 - INFO - NEW COUNTRY with titled players: AZE
2026-02-01 10:27:25,163 - INFO - NEW COUNTRY with titled players: BEL
2026-02-01 10:27:25,163 - INFO - NEW COUNTRY with titled players: URU
2026-02-01 10:27:25,163 - INFO - NEW COUNTRY with titled players: GUY
2026-02-01 10:27:25,163 - INFO - NEW COUNTRY with titled players: KEN
2026-02-01 10:27:25,163 - INFO - NEW COUNTRY with titled players: PER
2026-02-01 10:27:25,163 - INFO - NEW COUNTRY with titled players: MDA
2026-02-01 10:27:25,163 - INFO - NEW COUNTRY with titled players: SLO
2026-02-01 10:27:25,163 - INFO - NEW COUNTRY with titled players: MOZ
2026-02-01 10:27:25,163 - INFO - NEW COUNTRY with titled players: SUD
2026-02-01 10:27:25,163 - INFO - NEW COUNTRY with titled players: MAD
2026-02-01 10:27:25,163 - INFO - NEW COUNTRY with titled players: JCI
2026-02-01 10:27:25,163 - INFO - NEW COUNTRY with titled players: IOM
2026-02-01 10:27:25,163 - INFO - NEW COUNTRY with titled players: FAI
2026-02-01 10:27:25,163 - INFO - NEW COUNTRY with titled players: BRN
2026-02-01 10:27:25,163 - INFO - NEW COUNTRY with titled players: ETH
2026-02-01 10:27:25,164 - INFO - NEW COUNTRY with titled players: TJK
2026-02-01 10:27:25,164 - INFO - NEW COUNTRY with titled players: IND
2026-02-01 10:27:25,164 - INFO - NEW COUNTRY with titled players: MLI
2026-02-01 10:27:25,164 - INFO - NEW COUNTRY with titled players: CHI
2026-02-01 10:27:25,164 - INFO - NEW COUNTRY with titled players: SUI
2026-02-01 10:27:25,164 - INFO - NEW COUNTRY with titled players: CMR
2026-02-01 10:27:25,164 - INFO - NEW COUNTRY with titled players: OMA
2026-02-01 10:27:25,164 - INFO - NEW COUNTRY with titled players: LIE
2026-02-01 10:27:25,164 - INFO - NEW COUNTRY with titled players: SGP
2026-02-01 10:27:25,164 - INFO - NEW COUNTRY with titled players: INA
2026-02-01 10:27:25,164 - INFO - NEW COUNTRY with titled players: CAN
2026-02-01 10:27:25,164 - INFO - NEW COUNTRY with titled players: COL
2026-02-01 10:27:25,164 - INFO - NEW COUNTRY with titled players: MRI
2026-02-01 10:27:25,164 - INFO - NEW COUNTRY with titled players: GRE
2026-02-01 10:27:25,164 - INFO - NEW COUNTRY with titled players: ISV
2026-02-01 10:27:25,164 - INFO - NEW COUNTRY with titled players: LUX
2026-02-01 10:27:25,164 - INFO - NEW COUNTRY with titled players: MLT
2026-02-01 10:27:25,164 - INFO - NEW COUNTRY with titled players: BHU
2026-02-01 10:27:25,165 - INFO - NEW COUNTRY with titled players: UAE
2026-02-01 10:27:25,165 - INFO - NEW COUNTRY with titled players: CAF
2026-02-01 10:27:25,165 - INFO - NEW COUNTRY with titled players: QAT
2026-02-01 10:27:25,165 - INFO - NEW COUNTRY with titled players: MYA
2026-02-01 10:27:25,165 - INFO - NEW COUNTRY with titled players: BOT
2026-02-01 10:27:25,165 - INFO - NEW COUNTRY with titled players: SLE
2026-02-01 10:27:25,165 - INFO - NEW COUNTRY with titled players: CUB
2026-02-01 10:27:25,165 - INFO - NEW COUNTRY with titled players: NCA
2026-02-01 10:27:25,165 - INFO - NEW COUNTRY with titled players: NGR
2026-02-01 10:27:25,165 - INFO - NEW COUNTRY with titled players: ISL
2026-02-01 10:27:25,165 - INFO - NEW COUNTRY with titled players: SUR
2026-02-01 10:27:25,165 - INFO - NEW COUNTRY with titled players: GEO
2026-02-01 10:27:25,165 - INFO - NEW COUNTRY with titled players: LCA
2026-02-01 10:27:25,165 - INFO - NEW COUNTRY with titled players: LBR
2026-02-01 10:27:25,165 - INFO - NEW COUNTRY with titled players: CHN
2026-02-01 10:27:25,165 - INFO - NEW COUNTRY with titled players: GUM
2026-02-01 10:27:25,165 - INFO - NEW COUNTRY with titled players: ANT
2026-02-01 10:27:25,165 - INFO - NEW COUNTRY with titled players: PLE
2026-02-01 10:27:25,166 - INFO - NEW COUNTRY with titled players: NOR
2026-02-01 10:27:25,166 - INFO - NEW COUNTRY with titled players: KGZ
2026-02-01 10:27:25,166 - INFO - NEW COUNTRY with titled players: ANG
2026-02-01 10:27:25,166 - INFO - NEW COUNTRY with titled players: IRL
2026-02-01 10:27:25,166 - INFO - NEW COUNTRY with titled players: SOM
2026-02-01 10:27:25,166 - INFO - NEW COUNTRY with titled players: ALB
2026-02-01 10:27:25,166 - INFO - NEW COUNTRY with titled players: PNG
2026-02-01 10:27:25,166 - INFO - NEW COUNTRY with titled players: ESA
2026-02-01 10:27:25,166 - INFO - NEW COUNTRY with titled players: STP
2026-02-01 10:27:25,166 - INFO - NEW COUNTRY with titled players: AUT
2026-02-01 10:27:25,166 - INFO - NEW COUNTRY with titled players: FIN
2026-02-01 10:27:25,166 - INFO - NEW COUNTRY with titled players: LAO
2026-02-01 10:27:25,167 - INFO - NEW COUNTRY with titled players: GHA
2026-02-01 10:27:25,167 - INFO - NEW COUNTRY with titled players: GCI
2026-02-01 10:27:25,167 - INFO - NEW COUNTRY with titled players: BRU
2026-02-01 10:27:25,167 - INFO - NEW COUNTRY with titled players: DJI
2026-02-01 10:27:25,167 - INFO - NEW COUNTRY with titled players: LTU
2026-02-01 10:27:25,167 - INFO - NEW COUNTRY with titled players: PAK
2026-02-01 10:27:25,167 - INFO - NEW COUNTRY with titled players: FRA
2026-02-01 10:27:25,167 - INFO - NEW COUNTRY with titled players: SEY
2026-02-01 10:27:25,167 - INFO - NEW COUNTRY with titled players: YEM
2026-02-01 10:27:25,167 - INFO - NEW COUNTRY with titled players: ESP
2026-02-01 10:27:25,167 - INFO - NEW COUNTRY with titled players: ZIM
2026-02-01 10:27:25,167 - INFO - NEW COUNTRY with titled players: SWE
2026-02-01 10:27:25,167 - INFO - NEW COUNTRY with titled players: JPN
2026-02-01 10:27:25,167 - INFO - NEW COUNTRY with titled players: VIE
2026-02-01 10:27:25,167 - INFO - NEW COUNTRY with titled players: GER
2026-02-01 10:27:25,167 - INFO - NEW COUNTRY with titled players: UKR
2026-02-01 10:27:25,167 - INFO - NEW COUNTRY with titled players: UGA
2026-02-01 10:27:25,167 - INFO - NEW COUNTRY with titled players: THA
2026-02-01 10:27:25,167 - INFO - NEW COUNTRY with titled players: BER
2026-02-01 10:27:25,167 - INFO - NEW COUNTRY with titled players: SYR
2026-02-01 10:27:25,167 - INFO - NEW COUNTRY with titled players: VEN
2026-02-01 10:27:25,168 - INFO - NEW COUNTRY with titled players: ALG
2026-02-01 10:27:25,168 - INFO - NEW COUNTRY with titled players: PLW
2026-02-01 10:27:25,168 - INFO - NEW COUNTRY with titled players: TPE
2026-02-01 10:27:25,168 - INFO - NEW COUNTRY with titled players: LAT
2026-02-01 10:27:25,168 - INFO - NEW COUNTRY with titled players: MAR
2026-02-01 10:27:25,168 - INFO - NEW COUNTRY with titled players: MKD
2026-02-01 10:27:25,168 - INFO - NEW COUNTRY with titled players: HUN
2026-02-01 10:27:25,168 - INFO - NEW COUNTRY with titled players: HKG
2026-02-01 10:27:25,168 - INFO - NEW COUNTRY with titled players: DOM
2026-02-01 10:27:25,168 - INFO - NEW COUNTRY with titled players: COD
2026-02-01 10:27:25,168 - INFO - NEW COUNTRY with titled players: BUL
2026-02-01 10:27:25,168 - INFO - NEW COUNTRY with titled players: MAS
2026-02-01 10:27:25,168 - INFO - NEW COUNTRY with titled players: ARU
2026-02-01 10:27:25,168 - INFO - NEW COUNTRY with titled players: MAC
2026-02-01 10:27:25,168 - INFO - NEW COUNTRY with titled players: WLS
2026-02-01 10:27:25,168 - INFO - NEW COUNTRY with titled players: AND
2026-02-01 10:27:25,168 - INFO - NEW COUNTRY with titled players: LBA
2026-02-01 10:27:25,168 - INFO - NEW COUNTRY with titled players: USA
2026-02-01 10:27:25,168 - INFO - NEW COUNTRY with titled players: MAW
2026-02-01 10:27:25,168 - INFO - NEW COUNTRY with titled players: NEP
2026-02-01 10:27:25,168 - INFO - NEW COUNTRY with titled players: BRA
2026-02-01 10:27:25,168 - INFO - NEW COUNTRY with titled players: AFG
2026-02-01 10:27:25,169 - INFO - NEW COUNTRY with titled players: PHI
2026-02-01 10:27:25,169 - INFO - NEW COUNTRY with titled players: MNE
2026-02-01 10:27:25,169 - INFO - NEW COUNTRY with titled players: NRU
2026-02-01 10:27:25,169 - INFO - NEW COUNTRY with titled players: MEX
2026-02-01 10:27:25,169 - INFO - NEW COUNTRY with titled players: SWZ
2026-02-01 10:27:25,169 - INFO - NEW COUNTRY with titled players: FID
2026-02-01 10:27:25,169 - INFO - NEW COUNTRY with titled players: UZB
2026-02-01 10:27:25,169 - INFO - NEW COUNTRY with titled players: GUA
2026-02-01 10:27:25,169 - INFO - NEW COUNTRY with titled players: TTO
2026-02-01 10:27:25,169 - INFO - NEW COUNTRY with titled players: TUR
2026-02-01 10:27:25,169 - INFO - NEW COUNTRY with titled players: CAY
2026-02-01 10:27:25,169 - INFO - NEW COUNTRY with titled players: NED
2026-02-01 10:27:25,169 - INFO - NEW COUNTRY with titled players: BAR
2026-02-01 10:27:25,169 - INFO - NEW COUNTRY with titled players: SEN
2026-02-01 10:27:25,169 - INFO - NEW COUNTRY with titled players: PAN
2026-02-01 10:27:25,169 - INFO - NEW COUNTRY with titled players: DEN
2026-02-01 10:27:25,169 - INFO - NEW COUNTRY with titled players: SSD
2026-02-01 10:27:25,169 - INFO - NEW COUNTRY with titled players: KSA
2026-02-01 10:27:25,169 - INFO - NEW COUNTRY with titled players: CIV
2026-02-01 10:27:25,169 - INFO - NEW COUNTRY with titled players: TUN
2026-02-01 10:27:25,169 - INFO - NEW COUNTRY with titled players: EGY
2026-02-01 10:27:25,169 - INFO - NEW COUNTRY with titled players: CYP
2026-02-01 10:27:25,169 - INFO - NEW COUNTRY with titled players: ARM
2026-02-01 10:27:25,169 - INFO - NEW COUNTRY with titled players: BOL
2026-02-01 10:27:25,170 - INFO - NEW COUNTRY with titled players: RUS
2026-02-01 10:27:25,170 - INFO - NEW COUNTRY with titled players: POL
2026-02-01 10:27:25,170 - INFO - NEW COUNTRY with titled players: PAR
2026-02-01 10:27:25,170 - INFO - NEW COUNTRY with titled players: EST
2026-02-01 10:27:25,170 - INFO - NEW COUNTRY with titled players: GAM
2026-02-01 10:27:25,170 - INFO - NEW COUNTRY with titled players: LES
2026-02-01 10:27:25,170 - INFO - NEW COUNTRY with titled players: BAH
2026-02-01 10:27:25,170 - INFO - NEW COUNTRY with titled players: CHA
2026-02-01 10:27:25,170 - INFO - NEW COUNTRY with titled players: POR
2026-02-01 10:27:25,170 - INFO - NEW COUNTRY with titled players: BAN
2026-02-01 10:27:25,170 - INFO - NEW COUNTRY with titled players: AHO
2026-02-01 10:27:25,170 - INFO - NEW COUNTRY with titled players: ECU
2026-02-01 10:27:25,170 - INFO - NEW COUNTRY with titled players: GEQ
2026-02-01 10:27:25,170 - INFO - NEW COUNTRY with titled players: SVK
2026-02-01 10:27:25,170 - INFO - NEW COUNTRY with titled players: MDV
2026-02-01 10:27:25,170 - INFO - NEW COUNTRY with titled players: BIH
2026-02-01 10:27:25,170 - INFO - NEW COUNTRY with titled players: NAM
2026-02-01 10:27:25,170 - INFO - NEW COUNTRY with titled players: VAN
2026-02-01 10:27:25,170 - INFO - NEW COUNTRY with titled players: TOG
2026-02-01 10:27:25,170 - INFO - NEW COUNTRY with titled players: JOR
2026-02-01 10:27:25,170 - INFO - NEW COUNTRY with titled players: MTN
2026-02-01 10:27:25,170 - INFO - NEW COUNTRY with titled players: NZL
2026-02-01 10:27:25,170 - INFO - NEW COUNTRY with titled players: ERI
2026-02-01 10:27:25,170 - INFO - NEW COUNTRY with titled players: SRI
2026-02-01 10:27:25,170 - INFO - NEW COUNTRY with titled players: KUW
2026-02-01 10:27:25,171 - INFO - NEW COUNTRY with titled players: GAB
2026-02-01 10:27:25,171 - INFO - NEW COUNTRY with titled players: ITA
2026-02-01 10:27:25,171 - INFO - NEW COUNTRY with titled players: ARG
2026-02-01 10:27:25,171 - INFO - NEW COUNTRY with titled players: ENG
2026-02-01 10:27:25,171 - INFO - NEW COUNTRY with titled players: TAN
2026-02-01 10:27:25,171 - INFO - NEW COUNTRY with titled players: JAM
2026-02-01 10:27:25,171 - INFO - NEW COUNTRY with titled players: VIN
2026-02-01 10:27:25,171 - INFO - NEW COUNTRY with titled players: KOS
2026-02-01 10:27:25,171 - INFO - NEW COUNTRY with titled players: RWA
2026-02-01 10:27:25,171 - INFO - NEW COUNTRY with titled players: KAZ
2026-02-01 10:27:25,171 - INFO - NEW COUNTRY with titled players: SCO
2026-02-01 10:27:25,171 - INFO - NEW COUNTRY with titled players: CRO
2026-02-01 10:27:25,171 - INFO - NEW COUNTRY with titled players: ISR
2026-02-01 10:27:25,171 - INFO - NEW COUNTRY with titled players: SMR
2026-02-01 10:27:25,171 - INFO - NEW COUNTRY with titled players: HON
2026-02-01 10:27:25,171 - INFO - NEW COUNTRY with titled players: CAM
2026-02-01 10:27:25,171 - INFO - NEW COUNTRY with titled players: BLR
2026-02-01 10:27:25,171 - INFO - NEW COUNTRY with titled players: ZAM
2026-02-01 10:27:25,171 - INFO - NEW COUNTRY with titled players: CRC
2026-02-01 10:27:25,171 - INFO - NEW COUNTRY with titled players: LBN
2026-02-01 10:27:25,171 - INFO - NEW COUNTRY with titled players: SKN
2026-02-01 10:27:25,172 - INFO - NEW COUNTRY with titled players: RSA
2026-02-01 10:27:25,172 - INFO - Monthly changes: +0, -0, net: 0
2026-02-01 10:27:25,172 - INFO - Tracking new GMs and WGMs...
2026-02-01 10:27:25,172 - INFO - Total worldwide: 1879 GMs, 339 WGMs
2026-02-01 10:27:25,183 - INFO - JSON file saved successfully: titled_players_by_country.json
2026-02-01 10:27:25,183 - INFO - Metadata saved: February 01, 2026
2026-02-01 10:27:25,184 - INFO - ============================================================
2026-02-01 10:27:25,184 - INFO - FIDE Data Update Process Completed Successfully!
2026-02-01 10:27:25,184 - INFO - ============================================================
2026-02-01 11:38:00,949 - INFO - Loaded previous data for comparison
2026-02-01 11:38:00,949 - INFO - Processing new data...
2026-02-01 11:38:00,949 - INFO - ============================================================
2026-02-01 11:38:00,949 - INFO - FIDE Data Update Process Started
2026-02-01 11:38:00,949 - INFO - ============================================================
2026-02-01 11:38:00,949 - INFO - Downloading FIDE data from https://ratings.fide.com/download/standard_rating_list_xml.zip
2026-02-01 11:38:02,415 - INFO - Downloaded 13581737 bytes
2026-02-01 11:38:02,730 - INFO - Extracted XML file: temp/standard_rating_list.xml
2026-02-01 11:38:02,731 - INFO - Parsing XML data...
2026-02-01 11:38:07,814 - INFO - Parsed 537397 total players, kept 23865 titled players
2026-02-01 11:38:08,028 - INFO - Generating JSON output...
2026-02-01 11:38:08,029 - INFO - Aggregated data for 196 countries
2026-02-01 11:38:08,029 - WARNING - Could not extract month from filename: standard_rating_list.xml, using current month
2026-02-01 11:38:08,029 - INFO - Data is for month: FEB
2026-02-01 11:38:08,030 - INFO - Monthly changes for FEB: +0, -0, net: 0
2026-02-01 11:38:08,030 - INFO - Total worldwide: 1879 GMs, 339 WGMs
2026-02-01 11:38:08,037 - INFO - JSON file saved successfully: titled_players_by_country.json
2026-02-01 11:38:08,037 - INFO - Metadata saved: February 01, 2026
2026-02-01 11:38:08,037 - INFO - ============================================================
2026-02-01 11:38:08,037 - INFO - FIDE Data Update Process Completed Successfully!
2026-02-01 11:38:08,037 - INFO - ============================================================
2026-02-01 11:56:04,733 - INFO - Loaded previous data for comparison
2026-02-01 11:56:04,733 - INFO - Processing new data...
2026-02-01 11:56:04,733 - INFO - ============================================================
2026-02-01 11:56:04,734 - INFO - FIDE Data Update Process Started
2026-02-01 11:56:04,734 - INFO - ============================================================
2026-02-01 11:56:04,734 - INFO - Downloading FIDE data from https://ratings.fide.com/download/standard_rating_list_xml.zip
2026-02-01 11:56:06,153 - INFO - Downloaded 13581737 bytes
2026-02-01 11:56:06,490 - INFO - Extracted XML file: temp/standard_rating_list.xml
2026-02-01 11:56:06,492 - INFO - Parsing XML data...
2026-02-01 11:56:11,964 - INFO - Parsed 537397 total players, kept 23865 titled players
2026-02-01 11:56:12,180 - INFO - Generating JSON output...
2026-02-01 11:56:12,180 - INFO - Aggregated data for 196 countries
2026-02-01 11:56:12,181 - WARNING - Could not extract month from filename: standard_rating_list.xml, using current month
2026-02-01 11:56:12,181 - INFO - Data is for month: FEB
2026-02-01 11:56:12,181 - INFO - Monthly changes for FEB: +0, -0, net: 0
2026-02-01 11:56:12,181 - INFO - Total worldwide: 1879 GMs, 339 WGMs
2026-02-01 11:56:12,188 - INFO - JSON file saved successfully: titled_players_by_country.json
2026-02-01 11:56:12,188 - INFO - Metadata saved: February 01, 2026
2026-02-01 11:56:12,188 - INFO - ============================================================
2026-02-01 11:56:12,188 - INFO - FIDE Data Update Process Completed Successfully!
2026-02-01 11:56:12,189 - INFO - ============================================================
2026-02-01 12:15:05,187 - INFO - Loaded previous data for comparison
2026-02-01 12:15:05,187 - INFO - Processing new data...
2026-02-01 12:15:05,187 - INFO - ============================================================
2026-02-01 12:15:05,187 - INFO - FIDE Data Update Process Started
2026-02-01 12:15:05,187 - INFO - ============================================================
2026-02-01 12:15:05,187 - INFO - Downloading FIDE data from https://ratings.fide.com/download/standard_rating_list_xml.zip
2026-02-01 12:15:06,878 - INFO - Downloaded 13581737 bytes
2026-02-01 12:15:07,217 - INFO - Extracted XML file: temp/standard_rating_list.xml
2026-02-01 12:15:07,219 - INFO - Parsing XML data...
2026-02-01 12:15:12,385 - INFO - Parsed 537397 total players, kept 23865 titled players
2026-02-01 12:15:12,598 - INFO - Generating JSON output...
2026-02-01 12:15:12,598 - INFO - Aggregated data for 196 countries
2026-02-01 12:15:12,598 - WARNING - Could not extract month from filename: standard_rating_list.xml, using current month
2026-02-01 12:15:12,599 - INFO - Data is for month: FEB
2026-02-01 12:15:12,599 - INFO - Monthly changes for FEB: +0, -0, net: 0
2026-02-01 12:15:12,599 - INFO - Total worldwide: 1879 GMs, 339 WGMs
2026-02-01 12:15:12,606 - INFO - JSON file saved successfully: titled_players_by_country.json
2026-02-01 12:15:12,606 - INFO - Metadata saved: February 01, 2026
2026-02-01 12:15:12,606 - INFO - ============================================================
2026-02-01 12:15:12,606 - INFO - FIDE Data Update Process Completed Successfully!
2026-02-01 12:15:12,606 - INFO - ============================================================
2026-02-02 05:02:10,153 - INFO - Loaded previous data for comparison
2026-02-02 05:02:10,153 - INFO - Processing new data...
2026-02-02 05:02:10,153 - INFO - ============================================================
2026-02-02 05:02:10,153 - INFO - FIDE Data Update Process Started
2026-02-02 05:02:10,153 - INFO - ============================================================
2026-02-02 05:02:10,153 - INFO - Downloading FIDE data from https://ratings.fide.com/download/standard_rating_list_xml.zip
2026-02-02 05:02:12,318 - INFO - Downloaded 13581753 bytes
2026-02-02 05:02:12,658 - INFO - Extracted XML file: temp/standard_rating_list.xml
2026-02-02 05:02:12,659 - INFO - Parsing XML data...
2026-02-02 05:02:17,962 - INFO - Parsed 537397 total players, kept 23865 titled players
2026-02-02 05:02:18,176 - INFO - Generating JSON output...
2026-02-02 05:02:18,176 - INFO - Aggregated data for 196 countries
2026-02-02 05:02:18,177 - WARNING - Could not extract month from filename: standard_rating_list.xml, using current month
2026-02-02 05:02:18,177 - INFO - Data is for month: FEB
2026-02-02 05:02:18,177 - INFO - No monthly_changes.json found - will create new
2026-02-02 05:02:18,177 - INFO - Added new entry for FEB 2026
2026-02-02 05:02:18,177 - INFO - Updated monthly_changes.json
2026-02-02 05:02:18,177 - INFO - Monthly changes for FEB: +0, -0, net: 0
2026-02-02 05:02:18,177 - INFO - Total worldwide: 1879 GMs, 339 WGMs
2026-02-02 05:02:18,184 - INFO - JSON file saved successfully: titled_players_by_country.json
2026-02-02 05:02:18,184 - INFO - Metadata saved: February 02, 2026
2026-02-02 05:02:18,185 - INFO - ============================================================
2026-02-02 05:02:18,185 - INFO - FIDE Data Update Process Completed Successfully!
2026-02-02 05:02:18,185 - INFO - ============================================================
2026-02-03 04:51:03,602 - INFO - Loaded previous data for comparison
2026-02-03 04:51:03,602 - INFO - Processing new data...
2026-02-03 04:51:03,602 - INFO - ============================================================
2026-02-03 04:51:03,602 - INFO - FIDE Data Update Process Started
2026-02-03 04:51:03,602 - INFO - ============================================================
2026-02-03 04:51:03,602 - INFO - Downloading FIDE data from https://ratings.fide.com/download/standard_rating_list_xml.zip
2026-02-03 04:51:05,792 - INFO - Downloaded 13581852 bytes
2026-02-03 04:51:06,131 - INFO - Extracted XML file: temp/standard_rating_list.xml
2026-02-03 04:51:06,132 - INFO - Parsing XML data...
2026-02-03 04:51:11,383 - INFO - Parsed 537397 total players, kept 23890 titled players
2026-02-03 04:51:11,598 - INFO - Generating JSON output...
2026-02-03 04:51:11,598 - INFO - Aggregated data for 196 countries
2026-02-03 04:51:11,599 - WARNING - Could not extract month from filename: standard_rating_list.xml, using current month
2026-02-03 04:51:11,599 - INFO - Data is for month: FEB
2026-02-03 04:51:11,599 - INFO - No monthly_changes.json found - will create new
2026-02-03 04:51:11,599 - INFO - Added new entry for FEB 2026
2026-02-03 04:51:11,600 - INFO - Updated monthly_changes.json
2026-02-03 04:51:11,600 - INFO - Monthly changes for FEB: +28, -3, net: 25
2026-02-03 04:51:11,600 - INFO - Total worldwide: 1879 GMs, 339 WGMs
2026-02-03 04:51:11,607 - INFO - JSON file saved successfully: titled_players_by_country.json
2026-02-03 04:51:11,607 - INFO - Metadata saved: February 03, 2026
2026-02-03 04:51:11,607 - INFO - ============================================================
2026-02-03 04:51:11,607 - INFO - FIDE Data Update Process Completed Successfully!
2026-02-03 04:51:11,607 - INFO - ============================================================
2026-02-04 04:44:32,775 - INFO - Loaded previous data for comparison
2026-02-04 04:44:32,775 - INFO - Processing new data...
2026-02-04 04:44:32,775 - INFO - ============================================================
2026-02-04 04:44:32,775 - INFO - FIDE Data Update Process Started
2026-02-04 04:44:32,775 - INFO - ============================================================
2026-02-04 04:44:32,775 - INFO - Downloading FIDE data from https://ratings.fide.com/download/standard_rating_list_xml.zip
2026-02-04 04:44:35,001 - INFO - Downloaded 13582005 bytes
2026-02-04 04:44:35,344 - INFO - Extracted XML file: temp/standard_rating_list.xml
2026-02-04 04:44:35,346 - INFO - Parsing XML data...
2026-02-04 04:44:40,577 - INFO - Parsed 537396 total players, kept 23905 titled players
2026-02-04 04:44:40,796 - INFO - Generating JSON output...
2026-02-04 04:44:40,796 - INFO - Aggregated data for 196 countries
2026-02-04 04:44:40,797 - WARNING - Could not extract month from filename: standard_rating_list.xml, using current month
2026-02-04 04:44:40,797 - INFO - Data is for month: FEB
2026-02-04 04:44:40,797 - INFO - No monthly_changes.json found - will create new
2026-02-04 04:44:40,797 - INFO - Added new entry for FEB 2026
2026-02-04 04:44:40,798 - INFO - Updated monthly_changes.json
2026-02-04 04:44:40,798 - INFO - Monthly changes for FEB: +17, -2, net: 15
2026-02-04 04:44:40,798 - INFO - Total worldwide: 1879 GMs, 339 WGMs
2026-02-04 04:44:40,805 - INFO - JSON file saved successfully: titled_players_by_country.json
2026-02-04 04:44:40,805 - INFO - Metadata saved: February 04, 2026
2026-02-04 04:44:40,805 - INFO - ============================================================
2026-02-04 04:44:40,805 - INFO - FIDE Data Update Process Completed Successfully!
2026-02-04 04:44:40,805 - INFO - ============================================================
2026-02-05 04:52:24,288 - INFO - Loaded previous data for comparison
2026-02-05 04:52:24,288 - INFO - Processing new data...
2026-02-05 04:52:24,288 - INFO - ============================================================
2026-02-05 04:52:24,288 - INFO - FIDE Data Update Process Started
2026-02-05 04:52:24,288 - INFO - ============================================================
2026-02-05 04:52:24,288 - INFO - Downloading FIDE data from https://ratings.fide.com/download/standard_rating_list_xml.zip
2026-02-05 04:52:26,614 - INFO - Downloaded 13581783 bytes
2026-02-05 04:52:26,950 - INFO - Extracted XML file: temp/standard_rating_list.xml
2026-02-05 04:52:26,952 - INFO - Parsing XML data...
2026-02-05 04:52:32,416 - INFO - Parsed 537374 total players, kept 23914 titled players
2026-02-05 04:52:32,626 - INFO - Generating JSON output...
2026-02-05 04:52:32,626 - INFO - Aggregated data for 196 countries
2026-02-05 04:52:32,627 - WARNING - Could not extract month from filename: standard_rating_list.xml, using current month
2026-02-05 04:52:32,627 - INFO - Data is for month: FEB
2026-02-05 04:52:32,627 - INFO - No monthly_changes.json found - will create new
2026-02-05 04:52:32,627 - INFO - Added new entry for FEB 2026
2026-02-05 04:52:32,627 - INFO - Updated monthly_changes.json
2026-02-05 04:52:32,628 - INFO - Monthly changes for FEB: +15, -6, net: 9
2026-02-05 04:52:32,628 - INFO - Total worldwide: 1879 GMs, 339 WGMs
2026-02-05 04:52:32,634 - INFO - JSON file saved successfully: titled_players_by_country.json
2026-02-05 04:52:32,634 - INFO - Metadata saved: February 05, 2026
2026-02-05 04:52:32,635 - INFO - ============================================================
2026-02-05 04:52:32,635 - INFO - FIDE Data Update Process Completed Successfully!
2026-02-05 04:52:32,635 - INFO - ============================================================
2026-02-06 04:51:08,820 - INFO - Loaded previous data for comparison
2026-02-06 04:51:08,821 - INFO - Processing new data...
2026-02-06 04:51:08,821 - INFO - ============================================================
2026-02-06 04:51:08,821 - INFO - FIDE Data Update Process Started
2026-02-06 04:51:08,821 - INFO - ============================================================
2026-02-06 04:51:08,821 - INFO - Downloading FIDE data from https://ratings.fide.com/download/standard_rating_list_xml.zip
2026-02-06 04:51:10,459 - INFO - Downloaded 13581866 bytes
2026-02-06 04:51:10,797 - INFO - Extracted XML file: temp/standard_rating_list.xml
2026-02-06 04:51:10,798 - INFO - Parsing XML data...
2026-02-06 04:51:15,844 - INFO - Parsed 537374 total players, kept 23919 titled players
2026-02-06 04:51:16,058 - INFO - Generating JSON output...
2026-02-06 04:51:16,058 - INFO - Aggregated data for 196 countries
2026-02-06 04:51:16,059 - WARNING - Could not extract month from filename: standard_rating_list.xml, using current month
2026-02-06 04:51:16,059 - INFO - Data is for month: FEB
2026-02-06 04:51:16,059 - INFO - No monthly_changes.json found - will create new
2026-02-06 04:51:16,059 - INFO - Added new entry for FEB 2026
2026-02-06 04:51:16,059 - INFO - Updated monthly_changes.json
2026-02-06 04:51:16,060 - INFO - Monthly changes for FEB: +5, -0, net: 5
2026-02-06 04:51:16,060 - INFO - Total worldwide: 1879 GMs, 339 WGMs
2026-02-06 04:51:16,067 - INFO - JSON file saved successfully: titled_players_by_country.json
2026-02-06 04:51:16,067 - INFO - Metadata saved: February 06, 2026
2026-02-06 04:51:16,068 - INFO - ============================================================
2026-02-06 04:51:16,068 - INFO - FIDE Data Update Process Completed Successfully!
2026-02-06 04:51:16,068 - INFO - ============================================================
2026-02-07 04:41:49,162 - INFO - Loaded previous data for comparison
2026-02-07 04:41:49,162 - INFO - Processing new data...
2026-02-07 04:41:49,162 - INFO - ============================================================
2026-02-07 04:41:49,163 - INFO - FIDE Data Update Process Started
2026-02-07 04:41:49,163 - INFO - ============================================================
2026-02-07 04:41:49,163 - INFO - Downloading FIDE data from https://ratings.fide.com/download/standard_rating_list_xml.zip
2026-02-07 04:41:50,570 - INFO - Downloaded 13581824 bytes
2026-02-07 04:41:50,912 - INFO - Extracted XML file: temp/standard_rating_list.xml
2026-02-07 04:41:50,913 - INFO - Parsing XML data...
2026-02-07 04:41:56,036 - INFO - Parsed 537374 total players, kept 23921 titled players
2026-02-07 04:41:56,252 - INFO - Generating JSON output...
2026-02-07 04:41:56,253 - INFO - Aggregated data for 196 countries
2026-02-07 04:41:56,253 - WARNING - Could not extract month from filename: standard_rating_list.xml, using current month
2026-02-07 04:41:56,254 - INFO - Data is for month: FEB
2026-02-07 04:41:56,254 - INFO - No monthly_changes.json found - will create new
2026-02-07 04:41:56,254 - INFO - Added new entry for FEB 2026
2026-02-07 04:41:56,254 - INFO - Updated monthly_changes.json
2026-02-07 04:41:56,254 - INFO - Monthly changes for FEB: +3, -1, net: 2
2026-02-07 04:41:56,254 - INFO - Total worldwide: 1879 GMs, 339 WGMs
2026-02-07 04:41:56,261 - INFO - JSON file saved successfully: titled_players_by_country.json
2026-02-07 04:41:56,261 - INFO - Metadata saved: February 07, 2026
2026-02-07 04:41:56,262 - INFO - ============================================================
2026-02-07 04:41:56,262 - INFO - FIDE Data Update Process Completed Successfully!
2026-02-07 04:41:56,262 - INFO - ============================================================
2026-02-08 05:07:39,778 - INFO - Loaded previous data for comparison
2026-02-08 05:07:39,779 - INFO - Processing new data...
2026-02-08 05:07:39,779 - INFO - ============================================================
2026-02-08 05:07:39,779 - INFO - FIDE Data Update Process Started
2026-02-08 05:07:39,779 - INFO - ============================================================
2026-02-08 05:07:39,779 - INFO - Downloading FIDE data from https://ratings.fide.com/download/standard_rating_list_xml.zip
2026-02-08 05:07:41,652 - INFO - Downloaded 13581773 bytes
2026-02-08 05:07:41,991 - INFO - Extracted XML file: temp/standard_rating_list.xml
2026-02-08 05:07:41,992 - INFO - Parsing XML data...
2026-02-08 05:07:47,184 - INFO - Parsed 537374 total players, kept 23921 titled players
2026-02-08 05:07:47,402 - INFO - Generating JSON output...
2026-02-08 05:07:47,403 - INFO - Aggregated data for 196 countries
2026-02-08 05:07:47,404 - WARNING - Could not extract month from filename: standard_rating_list.xml, using current month
2026-02-08 05:07:47,404 - INFO - Data is for month: FEB
2026-02-08 05:07:47,404 - INFO - No monthly_changes.json found - will create new
2026-02-08 05:07:47,404 - INFO - Added new entry for FEB 2026
2026-02-08 05:07:47,404 - INFO - Updated monthly_changes.json
2026-02-08 05:07:47,404 - INFO - Monthly changes for FEB: +0, -0, net: 0
2026-02-08 05:07:47,404 - INFO - Total worldwide: 1879 GMs, 339 WGMs
2026-02-08 05:07:47,411 - INFO - JSON file saved successfully: titled_players_by_country.json
2026-02-08 05:07:47,411 - INFO - Metadata saved: February 08, 2026
2026-02-08 05:07:47,411 - INFO - ============================================================
2026-02-08 05:07:47,411 - INFO - FIDE Data Update Process Completed Successfully!
2026-02-08 05:07:47,411 - INFO - ============================================================
2026-02-09 05:05:27,533 - INFO - Loaded previous data for comparison
2026-02-09 05:05:27,533 - INFO - Processing new data...
2026-02-09 05:05:27,533 - INFO - ============================================================
2026-02-09 05:05:27,533 - INFO - FIDE Data Update Process Started
2026-02-09 05:05:27,533 - INFO - ============================================================
2026-02-09 05:05:27,533 - INFO - Downloading FIDE data from https://ratings.fide.com/download/standard_rating_list_xml.zip
2026-02-09 05:05:29,678 - INFO - Downloaded 13581786 bytes
2026-02-09 05:05:29,965 - INFO - Extracted XML file: temp/standard_rating_list.xml
2026-02-09 05:05:29,966 - INFO - Parsing XML data...
2026-02-09 05:05:35,477 - INFO - Parsed 537374 total players, kept 23921 titled players
2026-02-09 05:05:35,671 - INFO - Generating JSON output...
2026-02-09 05:05:35,672 - INFO - Aggregated data for 196 countries
2026-02-09 05:05:35,672 - WARNING - Could not extract month from filename: standard_rating_list.xml, using current month
2026-02-09 05:05:35,673 - INFO - Data is for month: FEB
2026-02-09 05:05:35,673 - INFO - No monthly_changes.json found - will create new
2026-02-09 05:05:35,673 - INFO - Added new entry for FEB 2026
2026-02-09 05:05:35,673 - INFO - Updated monthly_changes.json
2026-02-09 05:05:35,673 - INFO - Monthly changes for FEB: +0, -0, net: 0
2026-02-09 05:05:35,673 - INFO - Total worldwide: 1879 GMs, 339 WGMs
2026-02-09 05:05:35,686 - INFO - JSON file saved successfully: titled_players_by_country.json
2026-02-09 05:05:35,687 - INFO - Metadata saved: February 09, 2026
2026-02-09 05:05:35,687 - INFO - ============================================================
2026-02-09 05:05:35,687 - INFO - FIDE Data Update Process Completed Successfully!
2026-02-09 05:05:35,687 - INFO - ============================================================
2026-02-10 05:08:48,070 - INFO - Loaded previous data for comparison
2026-02-10 05:08:48,070 - INFO - Processing new data...
2026-02-10 05:08:48,070 - INFO - ============================================================
2026-02-10 05:08:48,070 - INFO - FIDE Data Update Process Started
2026-02-10 05:08:48,070 - INFO - ============================================================
2026-02-10 05:08:48,071 - INFO - Downloading FIDE data from https://ratings.fide.com/download/standard_rating_list_xml.zip
2026-02-10 05:08:49,481 - INFO - Downloaded 13582082 bytes
2026-02-10 05:08:49,822 - INFO - Extracted XML file: temp/standard_rating_list.xml
2026-02-10 05:08:49,823 - INFO - Parsing XML data...
2026-02-10 05:08:54,871 - INFO - Parsed 537408 total players, kept 23929 titled players
2026-02-10 05:08:55,086 - INFO - Generating JSON output...
2026-02-10 05:08:55,086 - INFO - Aggregated data for 196 countries
2026-02-10 05:08:55,087 - WARNING - Could not extract month from filename: standard_rating_list.xml, using current month
2026-02-10 05:08:55,087 - INFO - Data is for month: FEB
2026-02-10 05:08:55,087 - INFO - No monthly_changes.json found - will create new
2026-02-10 05:08:55,087 - INFO - Added new entry for FEB 2026
2026-02-10 05:08:55,087 - INFO - Updated monthly_changes.json
2026-02-10 05:08:55,087 - INFO - Monthly changes for FEB: +8, -0, net: 8
2026-02-10 05:08:55,088 - INFO - Total worldwide: 1879 GMs, 339 WGMs
2026-02-10 05:08:55,094 - INFO - JSON file saved successfully: titled_players_by_country.json
2026-02-10 05:08:55,094 - INFO - Metadata saved: February 10, 2026
2026-02-10 05:08:55,095 - INFO - ============================================================
2026-02-10 05:08:55,095 - INFO - FIDE Data Update Process Completed Successfully!
2026-02-10 05:08:55,095 - INFO - ============================================================
2026-02-11 05:07:22,012 - INFO - Loaded previous data for comparison
2026-02-11 05:07:22,012 - INFO - Processing new data...
2026-02-11 05:07:22,012 - INFO - ============================================================
2026-02-11 05:07:22,013 - INFO - FIDE Data Update Process Started
2026-02-11 05:07:22,013 - INFO - ============================================================
2026-02-11 05:07:22,013 - INFO - Downloading FIDE data from https://ratings.fide.com/download/standard_rating_list_xml.zip
2026-02-11 05:07:23,935 - INFO - Downloaded 13582121 bytes
2026-02-11 05:07:24,273 - INFO - Extracted XML file: temp/standard_rating_list.xml
2026-02-11 05:07:24,274 - INFO - Parsing XML data...
2026-02-11 05:07:29,340 - INFO - Parsed 537408 total players, kept 23939 titled players
2026-02-11 05:07:29,550 - INFO - Generating JSON output...
2026-02-11 05:07:29,551 - INFO - Aggregated data for 196 countries
2026-02-11 05:07:29,551 - WARNING - Could not extract month from filename: standard_rating_list.xml, using current month
2026-02-11 05:07:29,551 - INFO - Data is for month: FEB
2026-02-11 05:07:29,551 - INFO - No monthly_changes.json found - will create new
2026-02-11 05:07:29,552 - INFO - Added new entry for FEB 2026
2026-02-11 05:07:29,552 - INFO - Updated monthly_changes.json
2026-02-11 05:07:29,552 - INFO - Monthly changes for FEB: +13, -3, net: 10
2026-02-11 05:07:29,552 - INFO - Total worldwide: 1879 GMs, 339 WGMs
2026-02-11 05:07:29,560 - INFO - JSON file saved successfully: titled_players_by_country.json
2026-02-11 05:07:29,560 - INFO - Metadata saved: February 11, 2026
2026-02-11 05:07:29,561 - INFO - ============================================================
2026-02-11 05:07:29,561 - INFO - FIDE Data Update Process Completed Successfully!
2026-02-11 05:07:29,561 - INFO - ============================================================
2026-02-12 05:02:58,231 - INFO - Loaded previous data for comparison
2026-02-12 05:02:58,231 - INFO - Processing new data...
2026-02-12 05:02:58,231 - INFO - ============================================================
2026-02-12 05:02:58,231 - INFO - FIDE Data Update Process Started
2026-02-12 05:02:58,231 - INFO - ============================================================
2026-02-12 05:02:58,231 - INFO - Downloading FIDE data from https://ratings.fide.com/download/standard_rating_list_xml.zip
2026-02-12 05:02:59,832 - INFO - Downloaded 13582120 bytes
2026-02-12 05:03:00,175 - INFO - Extracted XML file: temp/standard_rating_list.xml
2026-02-12 05:03:00,177 - INFO - Parsing XML data...
2026-02-12 05:03:05,417 - INFO - Parsed 537407 total players, kept 23944 titled players
2026-02-12 05:03:05,634 - INFO - Generating JSON output...
2026-02-12 05:03:05,634 - INFO - Aggregated data for 196 countries
2026-02-12 05:03:05,635 - WARNING - Could not extract month from filename: standard_rating_list.xml, using current month
2026-02-12 05:03:05,635 - INFO - Data is for month: FEB
2026-02-12 05:03:05,635 - INFO - No monthly_changes.json found - will create new
2026-02-12 05:03:05,635 - INFO - Added new entry for FEB 2026
2026-02-12 05:03:05,636 - INFO - Updated monthly_changes.json
2026-02-12 05:03:05,636 - INFO - Monthly changes for FEB: +6, -1, net: 5
2026-02-12 05:03:05,636 - INFO - Total worldwide: 1879 GMs, 339 WGMs
2026-02-12 05:03:05,643 - INFO - JSON file saved successfully: titled_players_by_country.json
2026-02-12 05:03:05,643 - INFO - Metadata saved: February 12, 2026
2026-02-12 05:03:05,643 - INFO - ============================================================
2026-02-12 05:03:05,643 - INFO - FIDE Data Update Process Completed Successfully!
2026-02-12 05:03:05,643 - INFO - ============================================================
2026-02-13 04:57:27,467 - INFO - Loaded previous data for comparison
2026-02-13 04:57:27,467 - INFO - Processing new data...
2026-02-13 04:57:27,467 - INFO - ============================================================
2026-02-13 04:57:27,467 - INFO - FIDE Data Update Process Started
2026-02-13 04:57:27,467 - INFO - ============================================================
2026-02-13 04:57:27,468 - INFO - Downloading FIDE data from https://ratings.fide.com/download/standard_rating_list_xml.zip
2026-02-13 04:57:28,866 - INFO - Downloaded 13582194 bytes
2026-02-13 04:57:29,207 - INFO - Extracted XML file: temp/standard_rating_list.xml
2026-02-13 04:57:29,209 - INFO - Parsing XML data...
2026-02-13 04:57:34,365 - INFO - Parsed 537405 total players, kept 23944 titled players
2026-02-13 04:57:34,583 - INFO - Generating JSON output...
2026-02-13 04:57:34,584 - INFO - Aggregated data for 196 countries
2026-02-13 04:57:34,584 - WARNING - Could not extract month from filename: standard_rating_list.xml, using current month
2026-02-13 04:57:34,584 - INFO - Data is for month: FEB
2026-02-13 04:57:34,584 - INFO - No monthly_changes.json found - will create new
2026-02-13 04:57:34,585 - INFO - Added new entry for FEB 2026
2026-02-13 04:57:34,585 - INFO - Updated monthly_changes.json
2026-02-13 04:57:34,585 - INFO - Monthly changes for FEB: +2, -2, net: 0
2026-02-13 04:57:34,585 - INFO - Total worldwide: 1879 GMs, 339 WGMs
2026-02-13 04:57:34,592 - INFO - JSON file saved successfully: titled_players_by_country.json
2026-02-13 04:57:34,592 - INFO - Metadata saved: February 13, 2026
2026-02-13 04:57:34,592 - INFO - ============================================================
2026-02-13 04:57:34,592 - INFO - FIDE Data Update Process Completed Successfully!
2026-02-13 04:57:34,592 - INFO - ============================================================
2026-02-14 04:45:15,652 - INFO - Loaded previous data for comparison
2026-02-14 04:45:15,652 - INFO - Processing new data...
2026-02-14 04:45:15,652 - INFO - ============================================================
2026-02-14 04:45:15,652 - INFO - FIDE Data Update Process Started
2026-02-14 04:45:15,652 - INFO - ============================================================
2026-02-14 04:45:15,652 - INFO - Downloading FIDE data from https://ratings.fide.com/download/standard_rating_list_xml.zip
2026-02-14 04:45:17,240 - INFO - Downloaded 13582188 bytes
2026-02-14 04:45:17,576 - INFO - Extracted XML file: temp/standard_rating_list.xml
2026-02-14 04:45:17,577 - INFO - Parsing XML data...
2026-02-14 04:45:22,719 - INFO - Parsed 537405 total players, kept 23949 titled players
2026-02-14 04:45:22,938 - INFO - Generating JSON output...
2026-02-14 04:45:22,939 - INFO - Aggregated data for 196 countries
2026-02-14 04:45:22,939 - WARNING - Could not extract month from filename: standard_rating_list.xml, using current month
2026-02-14 04:45:22,940 - INFO - Data is for month: FEB
2026-02-14 04:45:22,940 - INFO - No monthly_changes.json found - will create new
2026-02-14 04:45:22,940 - INFO - Added new entry for FEB 2026
2026-02-14 04:45:22,940 - INFO - Updated monthly_changes.json
2026-02-14 04:45:22,940 - INFO - Monthly changes for FEB: +10, -5, net: 5
2026-02-14 04:45:22,940 - INFO - Total worldwide: 1879 GMs, 339 WGMs
2026-02-14 04:45:22,947 - INFO - JSON file saved successfully: titled_players_by_country.json
2026-02-14 04:45:22,947 - INFO - Metadata saved: February 14, 2026
2026-02-14 04:45:22,948 - INFO - ============================================================
2026-02-14 04:45:22,948 - INFO - FIDE Data Update Process Completed Successfully!
2026-02-14 04:45:22,948 - INFO - ============================================================
2026-02-15 04:58:33,865 - INFO - Loaded previous data for comparison
2026-02-15 04:58:33,865 - INFO - Processing new data...
2026-02-15 04:58:33,865 - INFO - ============================================================
2026-02-15 04:58:33,865 - INFO - FIDE Data Update Process Started
2026-02-15 04:58:33,865 - INFO - ============================================================
2026-02-15 04:58:33,865 - INFO - Downloading FIDE data from https://ratings.fide.com/download/standard_rating_list_xml.zip
2026-02-15 04:58:35,254 - INFO - Downloaded 13582260 bytes
2026-02-15 04:58:35,600 - INFO - Extracted XML file: temp/standard_rating_list.xml
2026-02-15 04:58:35,601 - INFO - Parsing XML data...
2026-02-15 04:58:41,546 - INFO - Parsed 537405 total players, kept 23949 titled players
2026-02-15 04:58:41,772 - INFO - Generating JSON output...
2026-02-15 04:58:41,772 - INFO - Aggregated data for 196 countries
2026-02-15 04:58:41,773 - WARNING - Could not extract month from filename: standard_rating_list.xml, using current month
2026-02-15 04:58:41,773 - INFO - Data is for month: FEB
2026-02-15 04:58:41,773 - INFO - No monthly_changes.json found - will create new
2026-02-15 04:58:41,773 - INFO - Added new entry for FEB 2026
2026-02-15 04:58:41,774 - INFO - Updated monthly_changes.json
2026-02-15 04:58:41,774 - INFO - Monthly changes for FEB: +0, -0, net: 0
2026-02-15 04:58:41,774 - INFO - Total worldwide: 1879 GMs, 339 WGMs
2026-02-15 04:58:41,781 - INFO - JSON file saved successfully: titled_players_by_country.json
2026-02-15 04:58:41,781 - INFO - Metadata saved: February 15, 2026
2026-02-15 04:58:41,781 - INFO - ============================================================
2026-02-15 04:58:41,781 - INFO - FIDE Data Update Process Completed Successfully!
2026-02-15 04:58:41,781 - INFO - ============================================================
2026-02-16 05:04:06,734 - INFO - Loaded previous data for comparison
2026-02-16 05:04:06,735 - INFO - Processing new data...
2026-02-16 05:04:06,735 - INFO - ============================================================
2026-02-16 05:04:06,735 - INFO - FIDE Data Update Process Started
2026-02-16 05:04:06,735 - INFO - ============================================================
2026-02-16 05:04:06,735 - INFO - Downloading FIDE data from https://ratings.fide.com/download/standard_rating_list_xml.zip
2026-02-16 05:04:08,325 - INFO - Downloaded 13582239 bytes
2026-02-16 05:04:08,601 - INFO - Extracted XML file: temp/standard_rating_list.xml
2026-02-16 05:04:08,602 - INFO - Parsing XML data...
2026-02-16 05:04:13,756 - INFO - Parsed 537405 total players, kept 23949 titled players
2026-02-16 05:04:13,943 - INFO - Generating JSON output...
2026-02-16 05:04:13,943 - INFO - Aggregated data for 196 countries
2026-02-16 05:04:13,944 - WARNING - Could not extract month from filename: standard_rating_list.xml, using current month
2026-02-16 05:04:13,944 - INFO - Data is for month: FEB
2026-02-16 05:04:13,944 - INFO - No monthly_changes.json found - will create new
2026-02-16 05:04:13,944 - INFO - Added new entry for FEB 2026
2026-02-16 05:04:13,945 - INFO - Updated monthly_changes.json
2026-02-16 05:04:13,945 - INFO - Monthly changes for FEB: +0, -0, net: 0
2026-02-16 05:04:13,945 - INFO - Total worldwide: 1879 GMs, 339 WGMs
2026-02-16 05:04:13,951 - INFO - JSON file saved successfully: titled_players_by_country.json
2026-02-16 05:04:13,951 - INFO - Metadata saved: February 16, 2026
2026-02-16 05:04:13,952 - INFO - ============================================================
2026-02-16 05:04:13,952 - INFO - FIDE Data Update Process Completed Successfully!
2026-02-16 05:04:13,952 - INFO - ============================================================
2026-02-17 04:57:25,355 - INFO - Loaded previous data for comparison
2026-02-17 04:57:25,355 - INFO - Processing new data...
2026-02-17 04:57:25,355 - INFO - ============================================================
2026-02-17 04:57:25,355 - INFO - FIDE Data Update Process Started
2026-02-17 04:57:25,355 - INFO - ============================================================
2026-02-17 04:57:25,355 - INFO - Downloading FIDE data from https://ratings.fide.com/download/standard_rating_list_xml.zip
2026-02-17 04:57:26,969 - INFO - Downloaded 13582355 bytes
2026-02-17 04:57:27,308 - INFO - Extracted XML file: temp/standard_rating_list.xml
2026-02-17 04:57:27,309 - INFO - Parsing XML data...
2026-02-17 04:57:32,462 - INFO - Parsed 537407 total players, kept 23950 titled players
2026-02-17 04:57:32,680 - INFO - Generating JSON output...
2026-02-17 04:57:32,680 - INFO - Aggregated data for 196 countries
2026-02-17 04:57:32,681 - WARNING - Could not extract month from filename: standard_rating_list.xml, using current month
2026-02-17 04:57:32,681 - INFO - Data is for month: FEB
2026-02-17 04:57:32,681 - INFO - No monthly_changes.json found - will create new
2026-02-17 04:57:32,681 - INFO - Added new entry for FEB 2026
2026-02-17 04:57:32,681 - INFO - Updated monthly_changes.json
2026-02-17 04:57:32,682 - INFO - Monthly changes for FEB: +1, -0, net: 1
2026-02-17 04:57:32,682 - INFO - Total worldwide: 1879 GMs, 339 WGMs
2026-02-17 04:57:32,688 - INFO - JSON file saved successfully: titled_players_by_country.json
2026-02-17 04:57:32,688 - INFO - Metadata saved: February 17, 2026
2026-02-17 04:57:32,689 - INFO - ============================================================
2026-02-17 04:57:32,689 - INFO - FIDE Data Update Process Completed Successfully!
2026-02-17 04:57:32,689 - INFO - ============================================================
2026-02-18 04:58:20,169 - INFO - Loaded previous data for comparison
2026-02-18 04:58:20,169 - INFO - Processing new data...
2026-02-18 04:58:20,169 - INFO - ============================================================
2026-02-18 04:58:20,169 - INFO - FIDE Data Update Process Started
2026-02-18 04:58:20,169 - INFO - ============================================================
2026-02-18 04:58:20,169 - INFO - Downloading FIDE data from https://ratings.fide.com/download/standard_rating_list_xml.zip
2026-02-18 04:58:22,154 - INFO - Downloaded 13583470 bytes
2026-02-18 04:58:22,491 - INFO - Extracted XML file: temp/standard_rating_list.xml
2026-02-18 04:58:22,492 - INFO - Parsing XML data...
2026-02-18 04:58:27,558 - INFO - Parsed 537407 total players, kept 23969 titled players
2026-02-18 04:58:27,769 - INFO - Generating JSON output...
2026-02-18 04:58:27,770 - INFO - Aggregated data for 196 countries
2026-02-18 04:58:27,770 - WARNING - Could not extract month from filename: standard_rating_list.xml, using current month
2026-02-18 04:58:27,771 - INFO - Data is for month: FEB
2026-02-18 04:58:27,771 - INFO - No monthly_changes.json found - will create new
2026-02-18 04:58:27,771 - INFO - Added new entry for FEB 2026
2026-02-18 04:58:27,771 - INFO - Updated monthly_changes.json
2026-02-18 04:58:27,771 - INFO - Monthly changes for FEB: +20, -1, net: 19
2026-02-18 04:58:27,771 - INFO - Total worldwide: 1879 GMs, 339 WGMs
2026-02-18 04:58:27,778 - INFO - JSON file saved successfully: titled_players_by_country.json
2026-02-18 04:58:27,778 - INFO - Metadata saved: February 18, 2026
2026-02-18 04:58:27,778 - INFO - ============================================================
2026-02-18 04:58:27,778 - INFO - FIDE Data Update Process Completed Successfully!
2026-02-18 04:58:27,778 - INFO - ============================================================
2026-02-19 04:57:33,548 - INFO - Loaded previous data for comparison
2026-02-19 04:57:33,548 - INFO - Processing new data...
2026-02-19 04:57:33,548 - INFO - ============================================================
2026-02-19 04:57:33,548 - INFO - FIDE Data Update Process Started
2026-02-19 04:57:33,549 - INFO - ============================================================
2026-02-19 04:57:33,549 - INFO - Downloading FIDE data from https://ratings.fide.com/download/standard_rating_list_xml.zip
2026-02-19 04:57:35,319 - INFO - Downloaded 13583324 bytes
2026-02-19 04:57:35,654 - INFO - Extracted XML file: temp/standard_rating_list.xml
2026-02-19 04:57:35,656 - INFO - Parsing XML data...
2026-02-19 04:57:40,826 - INFO - Parsed 537407 total players, kept 23969 titled players
2026-02-19 04:57:41,042 - INFO - Generating JSON output...
2026-02-19 04:57:41,042 - INFO - Aggregated data for 196 countries
2026-02-19 04:57:41,043 - WARNING - Could not extract month from filename: standard_rating_list.xml, using current month
2026-02-19 04:57:41,043 - INFO - Data is for month: FEB
2026-02-19 04:57:41,043 - INFO - No monthly_changes.json found - will create new
2026-02-19 04:57:41,043 - INFO - Added new entry for FEB 2026
2026-02-19 04:57:41,043 - INFO - Updated monthly_changes.json
2026-02-19 04:57:41,043 - INFO - Monthly changes for FEB: +0, -0, net: 0
2026-02-19 04:57:41,044 - INFO - Total worldwide: 1879 GMs, 339 WGMs
2026-02-19 04:57:41,050 - INFO - JSON file saved successfully: titled_players_by_country.json
2026-02-19 04:57:41,050 - INFO - Metadata saved: February 19, 2026
2026-02-19 04:57:41,051 - INFO - ============================================================
2026-02-19 04:57:41,051 - INFO - FIDE Data Update Process Completed Successfully!
2026-02-19 04:57:41,051 - INFO - ============================================================
2026-02-20 04:50:59,306 - INFO - Loaded previous data for comparison
2026-02-20 04:50:59,306 - INFO - Processing new data...
2026-02-20 04:50:59,306 - INFO - ============================================================
2026-02-20 04:50:59,306 - INFO - FIDE Data Update Process Started
2026-02-20 04:50:59,306 - INFO - ============================================================
2026-02-20 04:50:59,306 - INFO - Downloading FIDE data from https://ratings.fide.com/download/standard_rating_list_xml.zip
2026-02-20 04:51:00,705 - INFO - Downloaded 13583538 bytes
2026-02-20 04:51:01,045 - INFO - Extracted XML file: temp/standard_rating_list.xml
2026-02-20 04:51:01,046 - INFO - Parsing XML data...
2026-02-20 04:51:06,108 - INFO - Parsed 537407 total players, kept 23974 titled players
2026-02-20 04:51:06,323 - INFO - Generating JSON output...
2026-02-20 04:51:06,323 - INFO - Aggregated data for 196 countries
2026-02-20 04:51:06,324 - WARNING - Could not extract month from filename: standard_rating_list.xml, using current month
2026-02-20 04:51:06,324 - INFO - Data is for month: FEB
2026-02-20 04:51:06,324 - INFO - No monthly_changes.json found - will create new
2026-02-20 04:51:06,324 - INFO - Added new entry for FEB 2026
2026-02-20 04:51:06,325 - INFO - Updated monthly_changes.json
2026-02-20 04:51:06,325 - INFO - Monthly changes for FEB: +5, -0, net: 5
2026-02-20 04:51:06,325 - INFO - Total worldwide: 1879 GMs, 339 WGMs
2026-02-20 04:51:06,332 - INFO - JSON file saved successfully: titled_players_by_country.json
2026-02-20 04:51:06,332 - INFO - Metadata saved: February 20, 2026
2026-02-20 04:51:06,333 - INFO - ============================================================
2026-02-20 04:51:06,333 - INFO - FIDE Data Update Process Completed Successfully!
2026-02-20 04:51:06,333 - INFO - ============================================================
2026-02-21 04:40:47,983 - INFO - Loaded previous data for comparison
2026-02-21 04:40:47,983 - INFO - Processing new data...
2026-02-21 04:40:47,983 - INFO - ============================================================
2026-02-21 04:40:47,983 - INFO - FIDE Data Update Process Started
2026-02-21 04:40:47,983 - INFO - ============================================================
2026-02-21 04:40:47,984 - INFO - Downloading FIDE data from https://ratings.fide.com/download/standard_rating_list_xml.zip
2026-02-21 04:40:49,616 - INFO - Downloaded 13583626 bytes
2026-02-21 04:40:49,955 - INFO - Extracted XML file: temp/standard_rating_list.xml
2026-02-21 04:40:49,956 - INFO - Parsing XML data...
2026-02-21 04:40:55,131 - INFO - Parsed 537407 total players, kept 23977 titled players
2026-02-21 04:40:55,341 - INFO - Generating JSON output...
2026-02-21 04:40:55,341 - INFO - Aggregated data for 196 countries
2026-02-21 04:40:55,342 - WARNING - Could not extract month from filename: standard_rating_list.xml, using current month
2026-02-21 04:40:55,342 - INFO - Data is for month: FEB
2026-02-21 04:40:55,342 - INFO - No monthly_changes.json found - will create new
2026-02-21 04:40:55,342 - INFO - Added new entry for FEB 2026
2026-02-21 04:40:55,342 - INFO - Updated monthly_changes.json
2026-02-21 04:40:55,342 - INFO - Monthly changes for FEB: +3, -0, net: 3
2026-02-21 04:40:55,343 - INFO - Total worldwide: 1879 GMs, 339 WGMs
2026-02-21 04:40:55,351 - INFO - JSON file saved successfully: titled_players_by_country.json
2026-02-21 04:40:55,351 - INFO - Metadata saved: February 21, 2026
2026-02-21 04:40:55,351 - INFO - ============================================================
2026-02-21 04:40:55,351 - INFO - FIDE Data Update Process Completed Successfully!
2026-02-21 04:40:55,351 - INFO - ============================================================
2026-02-22 04:53:12,552 - INFO - Loaded previous data for comparison
2026-02-22 04:53:12,552 - INFO - Processing new data...
2026-02-22 04:53:12,552 - INFO - ============================================================
2026-02-22 04:53:12,552 - INFO - FIDE Data Update Process Started
2026-02-22 04:53:12,552 - INFO - ============================================================
2026-02-22 04:53:12,552 - INFO - Downloading FIDE data from https://ratings.fide.com/download/standard_rating_list_xml.zip
2026-02-22 04:53:13,996 - INFO - Downloaded 13583590 bytes
2026-02-22 04:53:14,320 - INFO - Extracted XML file: temp/standard_rating_list.xml
2026-02-22 04:53:14,321 - INFO - Parsing XML data...
2026-02-22 04:53:19,238 - INFO - Parsed 537407 total players, kept 23977 titled players
2026-02-22 04:53:19,444 - INFO - Generating JSON output...
2026-02-22 04:53:19,444 - INFO - Aggregated data for 196 countries
2026-02-22 04:53:19,445 - WARNING - Could not extract month from filename: standard_rating_list.xml, using current month
2026-02-22 04:53:19,445 - INFO - Data is for month: FEB
2026-02-22 04:53:19,445 - INFO - No monthly_changes.json found - will create new
2026-02-22 04:53:19,445 - INFO - Added new entry for FEB 2026
2026-02-22 04:53:19,445 - INFO - Updated monthly_changes.json
2026-02-22 04:53:19,445 - INFO - Monthly changes for FEB: +0, -0, net: 0
2026-02-22 04:53:19,445 - INFO - Total worldwide: 1879 GMs, 339 WGMs
2026-02-22 04:53:19,451 - INFO - JSON file saved successfully: titled_players_by_country.json
2026-02-22 04:53:19,451 - INFO - Metadata saved: February 22, 2026
2026-02-22 04:53:19,452 - INFO - ============================================================
2026-02-22 04:53:19,452 - INFO - FIDE Data Update Process Completed Successfully!
2026-02-22 04:53:19,452 - INFO - ============================================================
2026-02-23 05:02:57,999 - INFO - Loaded previous data for comparison
2026-02-23 05:02:57,999 - INFO - Processing new data...
2026-02-23 05:02:57,999 - INFO - ============================================================
2026-02-23 05:02:57,999 - INFO - FIDE Data Update Process Started
2026-02-23 05:02:57,999 - INFO - ============================================================
2026-02-23 05:02:57,999 - INFO - Downloading FIDE data from https://ratings.fide.com/download/standard_rating_list_xml.zip
2026-02-23 05:02:59,342 - INFO - Downloaded 13583481 bytes
2026-02-23 05:02:59,679 - INFO - Extracted XML file: temp/standard_rating_list.xml
2026-02-23 05:02:59,680 - INFO - Parsing XML data...
2026-02-23 05:03:04,792 - INFO - Parsed 537407 total players, kept 23977 titled players
2026-02-23 05:03:05,007 - INFO - Generating JSON output...
2026-02-23 05:03:05,007 - INFO - Aggregated data for 196 countries
2026-02-23 05:03:05,008 - WARNING - Could not extract month from filename: standard_rating_list.xml, using current month
2026-02-23 05:03:05,008 - INFO - Data is for month: FEB
2026-02-23 05:03:05,008 - INFO - No monthly_changes.json found - will create new
2026-02-23 05:03:05,008 - INFO - Added new entry for FEB 2026
2026-02-23 05:03:05,008 - INFO - Updated monthly_changes.json
2026-02-23 05:03:05,008 - INFO - Monthly changes for FEB: +0, -0, net: 0
2026-02-23 05:03:05,008 - INFO - Total worldwide: 1879 GMs, 339 WGMs
2026-02-23 05:03:05,015 - INFO - JSON file saved successfully: titled_players_by_country.json
2026-02-23 05:03:05,015 - INFO - Metadata saved: February 23, 2026
2026-02-23 05:03:05,015 - INFO - ============================================================
2026-02-23 05:03:05,016 - INFO - FIDE Data Update Process Completed Successfully!
2026-02-23 05:03:05,016 - INFO - ============================================================
2026-02-25 04:57:30,267 - INFO - Loaded previous data for comparison
2026-02-25 04:57:30,267 - INFO - Processing new data...
2026-02-25 04:57:30,268 - INFO - ============================================================
2026-02-25 04:57:30,268 - INFO - FIDE Data Update Process Started
2026-02-25 04:57:30,268 - INFO - ============================================================
2026-02-25 04:57:30,268 - INFO - Downloading FIDE data from https://ratings.fide.com/download/standard_rating_list_xml.zip
2026-02-25 04:57:31,658 - INFO - Downloaded 13583544 bytes
2026-02-25 04:57:32,004 - INFO - Extracted XML file: temp/standard_rating_list.xml
2026-02-25 04:57:32,005 - INFO - Parsing XML data...
2026-02-25 04:57:37,266 - INFO - Parsed 537407 total players, kept 23982 titled players
2026-02-25 04:57:37,483 - INFO - Generating JSON output...
2026-02-25 04:57:37,484 - INFO - Aggregated data for 196 countries
2026-02-25 04:57:37,484 - WARNING - Could not extract month from filename: standard_rating_list.xml, using current month
2026-02-25 04:57:37,485 - INFO - Data is for month: FEB
2026-02-25 04:57:37,485 - INFO - No monthly_changes.json found - will create new
2026-02-25 04:57:37,485 - INFO - Added new entry for FEB 2026
2026-02-25 04:57:37,485 - INFO - Updated monthly_changes.json
2026-02-25 04:57:37,485 - INFO - Monthly changes for FEB: +6, -1, net: 5
2026-02-25 04:57:37,485 - INFO - Total worldwide: 1879 GMs, 339 WGMs
2026-02-25 04:57:37,492 - INFO - JSON file saved successfully: titled_players_by_country.json
2026-02-25 04:57:37,492 - INFO - Metadata saved: February 25, 2026
2026-02-25 04:57:37,493 - INFO - ============================================================
2026-02-25 04:57:37,493 - INFO - FIDE Data Update Process Completed Successfully!
2026-02-25 04:57:37,493 - INFO - ============================================================
2026-02-26 04:54:54,279 - INFO - Loaded previous data for comparison
2026-02-26 04:54:54,279 - INFO - Processing new data...
2026-02-26 04:54:54,279 - INFO - ============================================================
2026-02-26 04:54:54,279 - INFO - FIDE Data Update Process Started
2026-02-26 04:54:54,279 - INFO - ============================================================
2026-02-26 04:54:54,279 - INFO - Downloading FIDE data from https://ratings.fide.com/download/standard_rating_list_xml.zip
2026-02-26 04:54:55,680 - INFO - Downloaded 13583628 bytes
2026-02-26 04:54:56,022 - INFO - Extracted XML file: temp/standard_rating_list.xml
2026-02-26 04:54:56,023 - INFO - Parsing XML data...
2026-02-26 04:55:01,611 - INFO - Parsed 537407 total players, kept 23986 titled players
2026-02-26 04:55:01,830 - INFO - Generating JSON output...
2026-02-26 04:55:01,830 - INFO - Aggregated data for 196 countries
2026-02-26 04:55:01,831 - WARNING - Could not extract month from filename: standard_rating_list.xml, using current month
2026-02-26 04:55:01,831 - INFO - Data is for month: FEB
2026-02-26 04:55:01,831 - INFO - No monthly_changes.json found - will create new
2026-02-26 04:55:01,831 - INFO - Added new entry for FEB 2026
2026-02-26 04:55:01,832 - INFO - Updated monthly_changes.json
2026-02-26 04:55:01,832 - INFO - Monthly changes for FEB: +4, -0, net: 4
2026-02-26 04:55:01,832 - INFO - Total worldwide: 1879 GMs, 339 WGMs
2026-02-26 04:55:01,839 - INFO - JSON file saved successfully: titled_players_by_country.json
2026-02-26 04:55:01,839 - INFO - Metadata saved: February 26, 2026
2026-02-26 04:55:01,839 - INFO - ============================================================
2026-02-26 04:55:01,839 - INFO - FIDE Data Update Process Completed Successfully!
2026-02-26 04:55:01,840 - INFO - ============================================================
2026-02-28 04:18:35,207 - INFO - Loaded previous data for comparison
2026-02-28 04:18:35,208 - INFO - Processing new data...
2026-02-28 04:18:35,208 - INFO - ============================================================
2026-02-28 04:18:35,208 - INFO - FIDE Data Update Process Started
2026-02-28 04:18:35,208 - INFO - ============================================================
2026-02-28 04:18:35,208 - INFO - Downloading FIDE data from https://ratings.fide.com/download/standard_rating_list_xml.zip
2026-02-28 04:18:37,090 - INFO - Downloaded 13583630 bytes
2026-02-28 04:18:37,430 - INFO - Extracted XML file: temp/standard_rating_list.xml
2026-02-28 04:18:37,431 - INFO - Parsing XML data...
2026-02-28 04:18:42,501 - INFO - Parsed 537407 total players, kept 23990 titled players
2026-02-28 04:18:42,723 - INFO - Generating JSON output...
2026-02-28 04:18:42,723 - INFO - Aggregated data for 196 countries
2026-02-28 04:18:42,724 - WARNING - Could not extract month from filename: standard_rating_list.xml, using current month
2026-02-28 04:18:42,724 - INFO - Data is for month: FEB
2026-02-28 04:18:42,724 - INFO - No monthly_changes.json found - will create new
2026-02-28 04:18:42,724 - INFO - Added new entry for FEB 2026
2026-02-28 04:18:42,725 - INFO - Updated monthly_changes.json
2026-02-28 04:18:42,725 - INFO - Monthly changes for FEB: +4, -0, net: 4
2026-02-28 04:18:42,725 - INFO - Total worldwide: 1879 GMs, 339 WGMs
2026-02-28 04:18:42,737 - INFO - JSON file saved successfully: titled_players_by_country.json
2026-02-28 04:18:42,737 - INFO - Metadata saved: February 28, 2026
2026-02-28 04:18:42,737 - INFO - ============================================================
2026-02-28 04:18:42,737 - INFO - FIDE Data Update Process Completed Successfully!
2026-02-28 04:18:42,737 - INFO - ============================================================
2026-03-01 04:58:41,533 - INFO - Loaded previous data for comparison
2026-03-01 04:58:41,533 - INFO - Processing new data...
2026-03-01 04:58:41,533 - INFO - ============================================================
2026-03-01 04:58:41,533 - INFO - FIDE Data Update Process Started
2026-03-01 04:58:41,533 - INFO - ============================================================
2026-03-01 04:58:41,533 - INFO - Downloading FIDE data from https://ratings.fide.com/download/standard_rating_list_xml.zip
2026-03-01 04:58:42,871 - INFO - Downloaded 13677350 bytes
2026-03-01 04:58:43,211 - INFO - Extracted XML file: temp/standard_rating_list.xml
2026-03-01 04:58:43,213 - INFO - Parsing XML data...
2026-03-01 04:58:48,687 - INFO - Parsed 541205 total players, kept 23990 titled players
2026-03-01 04:58:48,937 - INFO - Generating JSON output...
2026-03-01 04:58:48,937 - INFO - Aggregated data for 196 countries
2026-03-01 04:58:48,938 - WARNING - Could not extract month from filename: standard_rating_list.xml, using current month
2026-03-01 04:58:48,938 - INFO - Data is for month: MAR
2026-03-01 04:58:48,938 - INFO - No monthly_changes.json found - will create new
2026-03-01 04:58:48,939 - INFO - Added new entry for MAR 2026
2026-03-01 04:58:48,939 - INFO - Updated monthly_changes.json
2026-03-01 04:58:48,939 - INFO - Monthly changes for MAR: +0, -0, net: 0
2026-03-01 04:58:48,939 - INFO - Total worldwide: 1879 GMs, 339 WGMs
2026-03-01 04:58:48,950 - INFO - JSON file saved successfully: titled_players_by_country.json
2026-03-01 04:58:48,950 - INFO - Metadata saved: March 01, 2026
2026-03-01 04:58:48,951 - INFO - ============================================================
2026-03-01 04:58:48,951 - INFO - FIDE Data Update Process Completed Successfully!
2026-03-01 04:58:48,951 - INFO - ============================================================
2026-03-02 04:52:36,407 - INFO - Loaded previous data for comparison
2026-03-02 04:52:36,407 - INFO - Processing new data...
2026-03-02 04:52:36,407 - INFO - ============================================================
2026-03-02 04:52:36,407 - INFO - FIDE Data Update Process Started
2026-03-02 04:52:36,407 - INFO - ============================================================
2026-03-02 04:52:36,407 - INFO - Downloading FIDE data from https://ratings.fide.com/download/standard_rating_list_xml.zip
2026-03-02 04:52:38,245 - INFO - Downloaded 13673016 bytes
2026-03-02 04:52:38,587 - INFO - Extracted XML file: temp/standard_rating_list.xml
2026-03-02 04:52:38,589 - INFO - Parsing XML data...
2026-03-02 04:52:43,843 - INFO - Parsed 541205 total players, kept 23990 titled players
2026-03-02 04:52:44,059 - INFO - Generating JSON output...
2026-03-02 04:52:44,059 - INFO - Aggregated data for 196 countries
2026-03-02 04:52:44,060 - WARNING - Could not extract month from filename: standard_rating_list.xml, using current month
2026-03-02 04:52:44,060 - INFO - Data is for month: MAR
2026-03-02 04:52:44,060 - INFO - No monthly_changes.json found - will create new
2026-03-02 04:52:44,060 - INFO - Added new entry for MAR 2026
2026-03-02 04:52:44,061 - INFO - Updated monthly_changes.json
2026-03-02 04:52:44,061 - INFO - Monthly changes for MAR: +0, -0, net: 0
2026-03-02 04:52:44,061 - INFO - Total worldwide: 1879 GMs, 339 WGMs
2026-03-02 04:52:44,068 - INFO - JSON file saved successfully: titled_players_by_country.json
2026-03-02 04:52:44,068 - INFO - Metadata saved: March 02, 2026
2026-03-02 04:52:44,068 - INFO - ============================================================
2026-03-02 04:52:44,068 - INFO - FIDE Data Update Process Completed Successfully!
2026-03-02 04:52:44,068 - INFO - ============================================================
2026-03-03 04:51:11,225 - INFO - Loaded previous data for comparison
2026-03-03 04:51:11,226 - INFO - Processing new data...
2026-03-03 04:51:11,226 - INFO - ============================================================
2026-03-03 04:51:11,226 - INFO - FIDE Data Update Process Started
2026-03-03 04:51:11,226 - INFO - ============================================================
2026-03-03 04:51:11,226 - INFO - Downloading FIDE data from https://ratings.fide.com/download/standard_rating_list_xml.zip
2026-03-03 04:51:13,043 - INFO - Downloaded 13673006 bytes
2026-03-03 04:51:13,397 - INFO - Extracted XML file: temp/standard_rating_list.xml
2026-03-03 04:51:13,398 - INFO - Parsing XML data...
2026-03-03 04:51:18,606 - INFO - Parsed 541205 total players, kept 24003 titled players
2026-03-03 04:51:18,828 - INFO - Generating JSON output...
2026-03-03 04:51:18,828 - INFO - Aggregated data for 196 countries
2026-03-03 04:51:18,829 - WARNING - Could not extract month from filename: standard_rating_list.xml, using current month
2026-03-03 04:51:18,829 - INFO - Data is for month: MAR
2026-03-03 04:51:18,829 - INFO - No monthly_changes.json found - will create new
2026-03-03 04:51:18,829 - INFO - Added new entry for MAR 2026
2026-03-03 04:51:18,830 - INFO - Updated monthly_changes.json
2026-03-03 04:51:18,830 - INFO - Monthly changes for MAR: +17, -4, net: 13
2026-03-03 04:51:18,830 - INFO - Total worldwide: 1879 GMs, 339 WGMs
2026-03-03 04:51:18,837 - INFO - JSON file saved successfully: titled_players_by_country.json
2026-03-03 04:51:18,837 - INFO - Metadata saved: March 03, 2026
2026-03-03 04:51:18,837 - INFO - ============================================================
2026-03-03 04:51:18,837 - INFO - FIDE Data Update Process Completed Successfully!
2026-03-03 04:51:18,837 - INFO - ============================================================
2026-03-04 04:44:44,094 - INFO - Loaded previous data for comparison
2026-03-04 04:44:44,094 - INFO - Processing new data...
2026-03-04 04:44:44,094 - INFO - ============================================================
2026-03-04 04:44:44,094 - INFO - FIDE Data Update Process Started
2026-03-04 04:44:44,094 - INFO - ============================================================
2026-03-04 04:44:44,094 - INFO - Downloading FIDE data from https://ratings.fide.com/download/standard_rating_list_xml.zip
2026-03-04 04:44:45,458 - INFO - Downloaded 13673108 bytes
2026-03-04 04:44:45,805 - INFO - Extracted XML file: temp/standard_rating_list.xml
2026-03-04 04:44:45,806 - INFO - Parsing XML data...
2026-03-04 04:44:50,939 - INFO - Parsed 541205 total players, kept 24016 titled players
2026-03-04 04:44:51,159 - INFO - Generating JSON output...
2026-03-04 04:44:51,159 - INFO - Aggregated data for 196 countries
2026-03-04 04:44:51,160 - WARNING - Could not extract month from filename: standard_rating_list.xml, using current month
2026-03-04 04:44:51,160 - INFO - Data is for month: MAR
2026-03-04 04:44:51,160 - INFO - No monthly_changes.json found - will create new
2026-03-04 04:44:51,160 - INFO - Added new entry for MAR 2026
2026-03-04 04:44:51,161 - INFO - Updated monthly_changes.json
2026-03-04 04:44:51,161 - INFO - Monthly changes for MAR: +16, -3, net: 13
2026-03-04 04:44:51,161 - INFO - Total worldwide: 1879 GMs, 339 WGMs
2026-03-04 04:44:51,167 - INFO - JSON file saved successfully: titled_players_by_country.json
2026-03-04 04:44:51,168 - INFO - Metadata saved: March 04, 2026
2026-03-04 04:44:51,168 - INFO - ============================================================
2026-03-04 04:44:51,168 - INFO - FIDE Data Update Process Completed Successfully!
2026-03-04 04:44:51,168 - INFO - ============================================================
2026-03-05 04:49:07,774 - INFO - Loaded previous data for comparison
2026-03-05 04:49:07,774 - INFO - Processing new data...
2026-03-05 04:49:07,774 - INFO - ============================================================
2026-03-05 04:49:07,775 - INFO - FIDE Data Update Process Started
2026-03-05 04:49:07,775 - INFO - ============================================================
2026-03-05 04:49:07,775 - INFO - Downloading FIDE data from https://ratings.fide.com/download/standard_rating_list_xml.zip
2026-03-05 04:49:09,353 - INFO - Downloaded 13673069 bytes
2026-03-05 04:49:09,712 - INFO - Extracted XML file: temp/standard_rating_list.xml
2026-03-05 04:49:09,714 - INFO - Parsing XML data...
2026-03-05 04:49:15,425 - INFO - Parsed 541205 total players, kept 24020 titled players
2026-03-05 04:49:15,642 - INFO - Generating JSON output...
2026-03-05 04:49:15,642 - INFO - Aggregated data for 196 countries
2026-03-05 04:49:15,643 - WARNING - Could not extract month from filename: standard_rating_list.xml, using current month
2026-03-05 04:49:15,644 - INFO - Data is for month: MAR
2026-03-05 04:49:15,644 - INFO - No monthly_changes.json found - will create new
2026-03-05 04:49:15,644 - INFO - Added new entry for MAR 2026
2026-03-05 04:49:15,644 - INFO - Updated monthly_changes.json
2026-03-05 04:49:15,644 - INFO - Monthly changes for MAR: +5, -1, net: 4
2026-03-05 04:49:15,644 - INFO - Total worldwide: 1879 GMs, 339 WGMs
2026-03-05 04:49:15,657 - INFO - JSON file saved successfully: titled_players_by_country.json
2026-03-05 04:49:15,657 - INFO - Metadata saved: March 05, 2026
2026-03-05 04:49:15,657 - INFO - ============================================================
2026-03-05 04:49:15,657 - INFO - FIDE Data Update Process Completed Successfully!
2026-03-05 04:49:15,657 - INFO - ============================================================
2026-03-08 04:47:09,411 - INFO - Loaded previous data for comparison
2026-03-08 04:47:09,411 - INFO - Processing new data...
2026-03-08 04:47:09,411 - INFO - ============================================================
2026-03-08 04:47:09,411 - INFO - FIDE Data Update Process Started
2026-03-08 04:47:09,411 - INFO - ============================================================
2026-03-08 04:47:09,411 - INFO - Downloading FIDE data from https://ratings.fide.com/download/standard_rating_list_xml.zip
2026-03-08 04:47:11,365 - INFO - Downloaded 13673245 bytes
2026-03-08 04:47:11,701 - INFO - Extracted XML file: temp/standard_rating_list.xml
2026-03-08 04:47:11,703 - INFO - Parsing XML data...
2026-03-08 04:47:16,992 - INFO - Parsed 541208 total players, kept 24030 titled players
2026-03-08 04:47:17,208 - INFO - Generating JSON output...
2026-03-08 04:47:17,209 - INFO - Aggregated data for 196 countries
2026-03-08 04:47:17,209 - WARNING - Could not extract month from filename: standard_rating_list.xml, using current month
2026-03-08 04:47:17,209 - INFO - Data is for month: MAR
2026-03-08 04:47:17,210 - INFO - No monthly_changes.json found - will create new
2026-03-08 04:47:17,210 - INFO - Added new entry for MAR 2026
2026-03-08 04:47:17,210 - INFO - Updated monthly_changes.json
2026-03-08 04:47:17,210 - INFO - Monthly changes for MAR: +14, -4, net: 10
2026-03-08 04:47:17,210 - INFO - Total worldwide: 1879 GMs, 339 WGMs
2026-03-08 04:47:17,217 - INFO - JSON file saved successfully: titled_players_by_country.json
2026-03-08 04:47:17,217 - INFO - Metadata saved: March 08, 2026
2026-03-08 04:47:17,217 - INFO - ============================================================
2026-03-08 04:47:17,217 - INFO - FIDE Data Update Process Completed Successfully!
2026-03-08 04:47:17,217 - INFO - ============================================================
2026-03-09 04:56:40,713 - INFO - Loaded previous data for comparison
2026-03-09 04:56:40,713 - INFO - Processing new data...
2026-03-09 04:56:40,713 - INFO - ============================================================
2026-03-09 04:56:40,713 - INFO - FIDE Data Update Process Started
2026-03-09 04:56:40,713 - INFO - ============================================================
2026-03-09 04:56:40,713 - INFO - Downloading FIDE data from https://ratings.fide.com/download/standard_rating_list_xml.zip
2026-03-09 04:56:42,626 - INFO - Downloaded 13673292 bytes
2026-03-09 04:56:42,904 - INFO - Extracted XML file: temp/standard_rating_list.xml
2026-03-09 04:56:42,905 - INFO - Parsing XML data...
2026-03-09 04:56:48,117 - INFO - Parsed 541208 total players, kept 24030 titled players
2026-03-09 04:56:48,308 - INFO - Generating JSON output...
2026-03-09 04:56:48,308 - INFO - Aggregated data for 196 countries
2026-03-09 04:56:48,309 - WARNING - Could not extract month from filename: standard_rating_list.xml, using current month
2026-03-09 04:56:48,309 - INFO - Data is for month: MAR
2026-03-09 04:56:48,309 - INFO - No monthly_changes.json found - will create new
2026-03-09 04:56:48,309 - INFO - Added new entry for MAR 2026
2026-03-09 04:56:48,309 - INFO - Updated monthly_changes.json
2026-03-09 04:56:48,310 - INFO - Monthly changes for MAR: +0, -0, net: 0
2026-03-09 04:56:48,310 - INFO - Total worldwide: 1879 GMs, 339 WGMs
2026-03-09 04:56:48,316 - INFO - JSON file saved successfully: titled_players_by_country.json
2026-03-09 04:56:48,316 - INFO - Metadata saved: March 09, 2026
2026-03-09 04:56:48,317 - INFO - ============================================================
2026-03-09 04:56:48,317 - INFO - FIDE Data Update Process Completed Successfully!
2026-03-09 04:56:48,317 - INFO - ============================================================
2026-03-10 04:45:43,501 - INFO - Loaded previous data for comparison
2026-03-10 04:45:43,501 - INFO - Processing new data...
2026-03-10 04:45:43,501 - INFO - ============================================================
2026-03-10 04:45:43,501 - INFO - FIDE Data Update Process Started
2026-03-10 04:45:43,502 - INFO - ============================================================
2026-03-10 04:45:43,502 - INFO - Downloading FIDE data from https://ratings.fide.com/download/standard_rating_list_xml.zip
2026-03-10 04:45:45,105 - INFO - Downloaded 13673275 bytes
2026-03-10 04:45:45,427 - INFO - Extracted XML file: temp/standard_rating_list.xml
2026-03-10 04:45:45,428 - INFO - Parsing XML data...
2026-03-10 04:45:50,691 - INFO - Parsed 541208 total players, kept 24030 titled players
2026-03-10 04:45:50,908 - INFO - Generating JSON output...
2026-03-10 04:45:50,909 - INFO - Aggregated data for 196 countries
2026-03-10 04:45:50,909 - WARNING - Could not extract month from filename: standard_rating_list.xml, using current month
2026-03-10 04:45:50,909 - INFO - Data is for month: MAR
2026-03-10 04:45:50,910 - INFO - No monthly_changes.json found - will create new
2026-03-10 04:45:50,910 - INFO - Added new entry for MAR 2026
2026-03-10 04:45:50,910 - INFO - Updated monthly_changes.json
2026-03-10 04:45:50,910 - INFO - Monthly changes for MAR: +0, -0, net: 0
2026-03-10 04:45:50,910 - INFO - Total worldwide: 1879 GMs, 339 WGMs
2026-03-10 04:45:50,917 - INFO - JSON file saved successfully: titled_players_by_country.json
2026-03-10 04:45:50,917 - INFO - Metadata saved: March 10, 2026
2026-03-10 04:45:50,918 - INFO - ============================================================
2026-03-10 04:45:50,918 - INFO - FIDE Data Update Process Completed Successfully!
2026-03-10 04:45:50,918 - INFO - ============================================================
2026-03-12 04:51:29,200 - INFO - Loaded previous data for comparison
2026-03-12 04:51:29,200 - INFO - Processing new data...
2026-03-12 04:51:29,200 - INFO - ============================================================
2026-03-12 04:51:29,200 - INFO - FIDE Data Update Process Started
2026-03-12 04:51:29,200 - INFO - ============================================================
2026-03-12 04:51:29,200 - INFO - Downloading FIDE data from https://ratings.fide.com/download/standard_rating_list_xml.zip
2026-03-12 04:51:30,818 - INFO - Downloaded 13673353 bytes
2026-03-12 04:51:31,137 - INFO - Extracted XML file: temp/standard_rating_list.xml
2026-03-12 04:51:31,139 - INFO - Parsing XML data...
2026-03-12 04:51:36,292 - INFO - Parsed 541208 total players, kept 24032 titled players
2026-03-12 04:51:36,510 - INFO - Generating JSON output...
2026-03-12 04:51:36,511 - INFO - Aggregated data for 196 countries
2026-03-12 04:51:36,512 - WARNING - Could not extract month from filename: standard_rating_list.xml, using current month
2026-03-12 04:51:36,512 - INFO - Data is for month: MAR
2026-03-12 04:51:36,512 - INFO - No monthly_changes.json found - will create new
2026-03-12 04:51:36,512 - INFO - Added new entry for MAR 2026
2026-03-12 04:51:36,512 - INFO - Updated monthly_changes.json
2026-03-12 04:51:36,512 - INFO - Monthly changes for MAR: +3, -1, net: 2
2026-03-12 04:51:36,513 - INFO - Total worldwide: 1878 GMs, 339 WGMs
2026-03-12 04:51:36,525 - INFO - JSON file saved successfully: titled_players_by_country.json
2026-03-12 04:51:36,525 - INFO - Metadata saved: March 12, 2026
2026-03-12 04:51:36,526 - INFO - ============================================================
2026-03-12 04:51:36,526 - INFO - FIDE Data Update Process Completed Successfully!
2026-03-12 04:51:36,526 - INFO - ============================================================
2026-03-13 04:48:49,295 - INFO - Loaded previous data for comparison
2026-03-13 04:48:49,295 - INFO - Processing new data...
2026-03-13 04:48:49,295 - INFO - ============================================================
2026-03-13 04:48:49,295 - INFO - FIDE Data Update Process Started
2026-03-13 04:48:49,295 - INFO - ============================================================
2026-03-13 04:48:49,295 - INFO - Downloading FIDE data from https://ratings.fide.com/download/standard_rating_list_xml.zip
2026-03-13 04:48:51,093 - INFO - Downloaded 13673493 bytes
2026-03-13 04:48:51,421 - INFO - Extracted XML file: temp/standard_rating_list.xml
2026-03-13 04:48:51,423 - INFO - Parsing XML data...
2026-03-13 04:48:56,584 - INFO - Parsed 541208 total players, kept 24034 titled players
2026-03-13 04:48:56,796 - INFO - Generating JSON output...
2026-03-13 04:48:56,797 - INFO - Aggregated data for 196 countries
2026-03-13 04:48:56,798 - WARNING - Could not extract month from filename: standard_rating_list.xml, using current month
2026-03-13 04:48:56,798 - INFO - Data is for month: MAR
2026-03-13 04:48:56,798 - INFO - No monthly_changes.json found - will create new
2026-03-13 04:48:56,798 - INFO - Added new entry for MAR 2026
2026-03-13 04:48:56,799 - INFO - Updated monthly_changes.json
2026-03-13 04:48:56,799 - INFO - Monthly changes for MAR: +3, -1, net: 2
2026-03-13 04:48:56,799 - INFO - Total worldwide: 1878 GMs, 339 WGMs
2026-03-13 04:48:56,811 - INFO - JSON file saved successfully: titled_players_by_country.json
2026-03-13 04:48:56,812 - INFO - Metadata saved: March 13, 2026
2026-03-13 04:48:56,812 - INFO - ============================================================
2026-03-13 04:48:56,812 - INFO - FIDE Data Update Process Completed Successfully!
2026-03-13 04:48:56,812 - INFO - ============================================================
2026-03-15 05:10:14,217 - INFO - Loaded previous data for comparison
2026-03-15 05:10:14,217 - INFO - Processing new data...
2026-03-15 05:10:14,217 - INFO - ============================================================
2026-03-15 05:10:14,217 - INFO - FIDE Data Update Process Started
2026-03-15 05:10:14,217 - INFO - ============================================================
2026-03-15 05:10:14,217 - INFO - Downloading FIDE data from https://ratings.fide.com/download/standard_rating_list_xml.zip
2026-03-15 05:10:15,847 - INFO - Downloaded 13673333 bytes
2026-03-15 05:10:16,165 - INFO - Extracted XML file: temp/standard_rating_list.xml
2026-03-15 05:10:16,166 - INFO - Parsing XML data...
2026-03-15 05:10:21,369 - INFO - Parsed 541206 total players, kept 24037 titled players
2026-03-15 05:10:21,592 - INFO - Generating JSON output...
2026-03-15 05:10:21,593 - INFO - Aggregated data for 196 countries
2026-03-15 05:10:21,594 - WARNING - Could not extract month from filename: standard_rating_list.xml, using current month
2026-03-15 05:10:21,594 - INFO - Data is for month: MAR
2026-03-15 05:10:21,594 - INFO - No monthly_changes.json found - will create new
2026-03-15 05:10:21,594 - INFO - Added new entry for MAR 2026
2026-03-15 05:10:21,594 - INFO - Updated monthly_changes.json
2026-03-15 05:10:21,594 - INFO - Monthly changes for MAR: +4, -1, net: 3
2026-03-15 05:10:21,595 - INFO - Total worldwide: 1878 GMs, 339 WGMs
2026-03-15 05:10:21,606 - INFO - JSON file saved successfully: titled_players_by_country.json
2026-03-15 05:10:21,606 - INFO - Metadata saved: March 15, 2026
2026-03-15 05:10:21,606 - INFO - ============================================================
2026-03-15 05:10:21,606 - INFO - FIDE Data Update Process Completed Successfully!
2026-03-15 05:10:21,606 - INFO - ============================================================
2026-03-16 05:22:02,893 - INFO - Loaded previous data for comparison
2026-03-16 05:22:02,893 - INFO - Processing new data...
2026-03-16 05:22:02,893 - INFO - ============================================================
2026-03-16 05:22:02,893 - INFO - FIDE Data Update Process Started
2026-03-16 05:22:02,893 - INFO - ============================================================
2026-03-16 05:22:02,893 - INFO - Downloading FIDE data from https://ratings.fide.com/download/standard_rating_list_xml.zip
2026-03-16 05:22:04,745 - INFO - Downloaded 13673339 bytes
2026-03-16 05:22:05,060 - INFO - Extracted XML file: temp/standard_rating_list.xml
2026-03-16 05:22:05,061 - INFO - Parsing XML data...
2026-03-16 05:22:10,574 - INFO - Parsed 541206 total players, kept 24037 titled players
2026-03-16 05:22:10,790 - INFO - Generating JSON output...
2026-03-16 05:22:10,790 - INFO - Aggregated data for 196 countries
2026-03-16 05:22:10,791 - WARNING - Could not extract month from filename: standard_rating_list.xml, using current month
2026-03-16 05:22:10,791 - INFO - Data is for month: MAR
2026-03-16 05:22:10,791 - INFO - No monthly_changes.json found - will create new
2026-03-16 05:22:10,791 - INFO - Added new entry for MAR 2026
2026-03-16 05:22:10,792 - INFO - Updated monthly_changes.json
2026-03-16 05:22:10,792 - INFO - Monthly changes for MAR: +0, -0, net: 0
2026-03-16 05:22:10,792 - INFO - Total worldwide: 1878 GMs, 339 WGMs
2026-03-16 05:22:10,799 - INFO - JSON file saved successfully: titled_players_by_country.json
2026-03-16 05:22:10,799 - INFO - Metadata saved: March 16, 2026
2026-03-16 05:22:10,799 - INFO - ============================================================
2026-03-16 05:22:10,799 - INFO - FIDE Data Update Process Completed Successfully!
2026-03-16 05:22:10,799 - INFO - ============================================================
2026-03-19 04:58:55,687 - INFO - Loaded previous data for comparison
2026-03-19 04:58:55,687 - INFO - Processing new data...
2026-03-19 04:58:55,687 - INFO - ============================================================
2026-03-19 04:58:55,687 - INFO - FIDE Data Update Process Started
2026-03-19 04:58:55,688 - INFO - ============================================================
2026-03-19 04:58:55,688 - INFO - Downloading FIDE data from https://ratings.fide.com/download/standard_rating_list_xml.zip
2026-03-19 04:58:57,076 - INFO - Downloaded 13673383 bytes
2026-03-19 04:58:57,394 - INFO - Extracted XML file: temp/standard_rating_list.xml
2026-03-19 04:58:57,396 - INFO - Parsing XML data...
2026-03-19 04:59:02,541 - INFO - Parsed 541202 total players, kept 24057 titled players
2026-03-19 04:59:02,759 - INFO - Generating JSON output...
2026-03-19 04:59:02,759 - INFO - Aggregated data for 196 countries
2026-03-19 04:59:02,760 - WARNING - Could not extract month from filename: standard_rating_list.xml, using current month
2026-03-19 04:59:02,760 - INFO - Data is for month: MAR
2026-03-19 04:59:02,760 - INFO - No monthly_changes.json found - will create new
2026-03-19 04:59:02,760 - INFO - Added new entry for MAR 2026
2026-03-19 04:59:02,760 - INFO - Updated monthly_changes.json
2026-03-19 04:59:02,761 - INFO - Monthly changes for MAR: +23, -3, net: 20
2026-03-19 04:59:02,761 - INFO - Total worldwide: 1878 GMs, 339 WGMs
2026-03-19 04:59:02,768 - INFO - JSON file saved successfully: titled_players_by_country.json
2026-03-19 04:59:02,768 - INFO - Metadata saved: March 19, 2026
2026-03-19 04:59:02,768 - INFO - ============================================================
2026-03-19 04:59:02,768 - INFO - FIDE Data Update Process Completed Successfully!
2026-03-19 04:59:02,768 - INFO - ============================================================
2026-03-21 04:41:10,556 - INFO - Loaded previous data for comparison
2026-03-21 04:41:10,556 - INFO - Processing new data...
2026-03-21 04:41:10,556 - INFO - ============================================================
2026-03-21 04:41:10,556 - INFO - FIDE Data Update Process Started
2026-03-21 04:41:10,556 - INFO - ============================================================
2026-03-21 04:41:10,556 - INFO - Downloading FIDE data from https://ratings.fide.com/download/standard_rating_list_xml.zip
2026-03-21 04:41:12,515 - INFO - Downloaded 13673391 bytes
2026-03-21 04:41:12,793 - INFO - Extracted XML file: temp/standard_rating_list.xml
2026-03-21 04:41:12,794 - INFO - Parsing XML data...
2026-03-21 04:41:17,925 - INFO - Parsed 541202 total players, kept 24060 titled players
2026-03-21 04:41:18,114 - INFO - Generating JSON output...
2026-03-21 04:41:18,115 - INFO - Aggregated data for 196 countries
2026-03-21 04:41:18,115 - WARNING - Could not extract month from filename: standard_rating_list.xml, using current month
2026-03-21 04:41:18,115 - INFO - Data is for month: MAR
2026-03-21 04:41:18,116 - INFO - No monthly_changes.json found - will create new
2026-03-21 04:41:18,116 - INFO - Added new entry for MAR 2026
2026-03-21 04:41:18,116 - INFO - Updated monthly_changes.json
2026-03-21 04:41:18,116 - INFO - Monthly changes for MAR: +4, -1, net: 3
2026-03-21 04:41:18,116 - INFO - Total worldwide: 1878 GMs, 339 WGMs
2026-03-21 04:41:18,129 - INFO - JSON file saved successfully: titled_players_by_country.json
2026-03-21 04:41:18,129 - INFO - Metadata saved: March 21, 2026
2026-03-21 04:41:18,130 - INFO - ============================================================
2026-03-21 04:41:18,130 - INFO - FIDE Data Update Process Completed Successfully!
2026-03-21 04:41:18,130 - INFO - ============================================================
2026-03-22 04:56:57,966 - INFO - Loaded previous data for comparison
2026-03-22 04:56:57,966 - INFO - Processing new data...
2026-03-22 04:56:57,966 - INFO - ============================================================
2026-03-22 04:56:57,966 - INFO - FIDE Data Update Process Started
2026-03-22 04:56:57,966 - INFO - ============================================================
2026-03-22 04:56:57,966 - INFO - Downloading FIDE data from https://ratings.fide.com/download/standard_rating_list_xml.zip
2026-03-22 04:57:00,736 - INFO - Downloaded 13673404 bytes
2026-03-22 04:57:01,056 - INFO - Extracted XML file: temp/standard_rating_list.xml
2026-03-22 04:57:01,057 - INFO - Parsing XML data...
2026-03-22 04:57:06,297 - INFO - Parsed 541202 total players, kept 24060 titled players
2026-03-22 04:57:06,511 - INFO - Generating JSON output...
2026-03-22 04:57:06,511 - INFO - Aggregated data for 196 countries
2026-03-22 04:57:06,512 - WARNING - Could not extract month from filename: standard_rating_list.xml, using current month
2026-03-22 04:57:06,512 - INFO - Data is for month: MAR
2026-03-22 04:57:06,512 - INFO - No monthly_changes.json found - will create new
2026-03-22 04:57:06,512 - INFO - Added new entry for MAR 2026
2026-03-22 04:57:06,512 - INFO - Updated monthly_changes.json
2026-03-22 04:57:06,513 - INFO - Monthly changes for MAR: +0, -0, net: 0
2026-03-22 04:57:06,513 - INFO - Total worldwide: 1878 GMs, 339 WGMs
2026-03-22 04:57:06,520 - INFO - JSON file saved successfully: titled_players_by_country.json
2026-03-22 04:57:06,520 - INFO - Metadata saved: March 22, 2026
2026-03-22 04:57:06,520 - INFO - ============================================================
2026-03-22 04:57:06,520 - INFO - FIDE Data Update Process Completed Successfully!
2026-03-22 04:57:06,520 - INFO - ============================================================
2026-03-23 05:08:00,607 - INFO - Loaded previous data for comparison
2026-03-23 05:08:00,607 - INFO - Processing new data...
2026-03-23 05:08:00,607 - INFO - ============================================================
2026-03-23 05:08:00,607 - INFO - FIDE Data Update Process Started
2026-03-23 05:08:00,607 - INFO - ============================================================
2026-03-23 05:08:00,607 - INFO - Downloading FIDE data from https://ratings.fide.com/download/standard_rating_list_xml.zip
2026-03-23 05:08:01,932 - INFO - Downloaded 13673440 bytes
2026-03-23 05:08:02,273 - INFO - Extracted XML file: temp/standard_rating_list.xml
2026-03-23 05:08:02,275 - INFO - Parsing XML data...
2026-03-23 05:08:07,567 - INFO - Parsed 541202 total players, kept 24060 titled players
2026-03-23 05:08:07,787 - INFO - Generating JSON output...
2026-03-23 05:08:07,787 - INFO - Aggregated data for 196 countries
2026-03-23 05:08:07,788 - WARNING - Could not extract month from filename: standard_rating_list.xml, using current month
2026-03-23 05:08:07,788 - INFO - Data is for month: MAR
2026-03-23 05:08:07,788 - INFO - No monthly_changes.json found - will create new
2026-03-23 05:08:07,788 - INFO - Added new entry for MAR 2026
2026-03-23 05:08:07,788 - INFO - Updated monthly_changes.json
2026-03-23 05:08:07,789 - INFO - Monthly changes for MAR: +0, -0, net: 0
2026-03-23 05:08:07,789 - INFO - Total worldwide: 1878 GMs, 339 WGMs
2026-03-23 05:08:07,795 - INFO - JSON file saved successfully: titled_players_by_country.json
2026-03-23 05:08:07,795 - INFO - Metadata saved: March 23, 2026
2026-03-23 05:08:07,796 - INFO - ============================================================
2026-03-23 05:08:07,796 - INFO - FIDE Data Update Process Completed Successfully!
2026-03-23 05:08:07,796 - INFO - ============================================================
2026-03-24 04:58:30,459 - INFO - Loaded previous data for comparison
2026-03-24 04:58:30,460 - INFO - Processing new data...
2026-03-24 04:58:30,460 - INFO - ============================================================
2026-03-24 04:58:30,460 - INFO - FIDE Data Update Process Started
2026-03-24 04:58:30,460 - INFO - ============================================================
2026-03-24 04:58:30,460 - INFO - Downloading FIDE data from https://ratings.fide.com/download/standard_rating_list_xml.zip
2026-03-24 04:58:32,591 - INFO - Downloaded 13673530 bytes
2026-03-24 04:58:32,911 - INFO - Extracted XML file: temp/standard_rating_list.xml
2026-03-24 04:58:32,913 - INFO - Parsing XML data...
2026-03-24 04:58:38,140 - INFO - Parsed 541202 total players, kept 24062 titled players
2026-03-24 04:58:38,359 - INFO - Generating JSON output...
2026-03-24 04:58:38,360 - INFO - Aggregated data for 196 countries
2026-03-24 04:58:38,360 - WARNING - Could not extract month from filename: standard_rating_list.xml, using current month
2026-03-24 04:58:38,361 - INFO - Data is for month: MAR
2026-03-24 04:58:38,361 - INFO - No monthly_changes.json found - will create new
2026-03-24 04:58:38,361 - INFO - Added new entry for MAR 2026
2026-03-24 04:58:38,361 - INFO - Updated monthly_changes.json
2026-03-24 04:58:38,361 - INFO - Monthly changes for MAR: +5, -3, net: 2
2026-03-24 04:58:38,361 - INFO - Total worldwide: 1878 GMs, 339 WGMs
2026-03-24 04:58:38,368 - INFO - JSON file saved successfully: titled_players_by_country.json
2026-03-24 04:58:38,368 - INFO - Metadata saved: March 24, 2026
2026-03-24 04:58:38,369 - INFO - ============================================================
2026-03-24 04:58:38,369 - INFO - FIDE Data Update Process Completed Successfully!
2026-03-24 04:58:38,369 - INFO - ============================================================
2026-03-25 04:58:53,859 - INFO - Loaded previous data for comparison
2026-03-25 04:58:53,859 - INFO - Processing new data...
2026-03-25 04:58:53,859 - INFO - ============================================================
2026-03-25 04:58:53,859 - INFO - FIDE Data Update Process Started
2026-03-25 04:58:53,859 - INFO - ============================================================
2026-03-25 04:58:53,859 - INFO - Downloading FIDE data from https://ratings.fide.com/download/standard_rating_list_xml.zip
2026-03-25 04:58:55,627 - INFO - Downloaded 13673483 bytes
2026-03-25 04:58:55,945 - INFO - Extracted XML file: temp/standard_rating_list.xml
2026-03-25 04:58:55,946 - INFO - Parsing XML data...
2026-03-25 04:59:01,062 - INFO - Parsed 541202 total players, kept 24064 titled players
2026-03-25 04:59:01,280 - INFO - Generating JSON output...
2026-03-25 04:59:01,280 - INFO - Aggregated data for 196 countries
2026-03-25 04:59:01,281 - WARNING - Could not extract month from filename: standard_rating_list.xml, using current month
2026-03-25 04:59:01,281 - INFO - Data is for month: MAR
2026-03-25 04:59:01,282 - INFO - No monthly_changes.json found - will create new
2026-03-25 04:59:01,282 - INFO - Added new entry for MAR 2026
2026-03-25 04:59:01,282 - INFO - Updated monthly_changes.json
2026-03-25 04:59:01,282 - INFO - Monthly changes for MAR: +2, -0, net: 2
2026-03-25 04:59:01,282 - INFO - Total worldwide: 1878 GMs, 339 WGMs
2026-03-25 04:59:01,295 - INFO - JSON file saved successfully: titled_players_by_country.json
2026-03-25 04:59:01,295 - INFO - Metadata saved: March 25, 2026
2026-03-25 04:59:01,295 - INFO - ============================================================
2026-03-25 04:59:01,295 - INFO - FIDE Data Update Process Completed Successfully!
2026-03-25 04:59:01,295 - INFO - ============================================================
2026-03-26 05:11:13,886 - INFO - Loaded previous data for comparison
2026-03-26 05:11:13,886 - INFO - Processing new data...
2026-03-26 05:11:13,886 - INFO - ============================================================
2026-03-26 05:11:13,886 - INFO - FIDE Data Update Process Started
2026-03-26 05:11:13,887 - INFO - ============================================================
2026-03-26 05:11:13,887 - INFO - Downloading FIDE data from https://ratings.fide.com/download/standard_rating_list_xml.zip
2026-03-26 05:11:16,092 - INFO - Downloaded 13673657 bytes
2026-03-26 05:11:16,435 - INFO - Extracted XML file: temp/standard_rating_list.xml
2026-03-26 05:11:16,436 - INFO - Parsing XML data...
2026-03-26 05:11:21,773 - INFO - Parsed 541202 total players, kept 24068 titled players
2026-03-26 05:11:21,990 - INFO - Generating JSON output...
2026-03-26 05:11:21,991 - INFO - Aggregated data for 196 countries
2026-03-26 05:11:21,991 - WARNING - Could not extract month from filename: standard_rating_list.xml, using current month
2026-03-26 05:11:21,991 - INFO - Data is for month: MAR
2026-03-26 05:11:21,991 - INFO - No monthly_changes.json found - will create new
2026-03-26 05:11:21,991 - INFO - Added new entry for MAR 2026
2026-03-26 05:11:21,992 - INFO - Updated monthly_changes.json
2026-03-26 05:11:21,992 - INFO - Monthly changes for MAR: +7, -3, net: 4
2026-03-26 05:11:21,992 - INFO - Total worldwide: 1878 GMs, 339 WGMs
2026-03-26 05:11:21,999 - INFO - JSON file saved successfully: titled_players_by_country.json
2026-03-26 05:11:21,999 - INFO - Metadata saved: March 26, 2026
2026-03-26 05:11:22,000 - INFO - ============================================================
2026-03-26 05:11:22,000 - INFO - FIDE Data Update Process Completed Successfully!
2026-03-26 05:11:22,000 - INFO - ============================================================
2026-03-28 04:57:56,192 - INFO - Loaded previous data for comparison
2026-03-28 04:57:56,192 - INFO - Processing new data...
2026-03-28 04:57:56,192 - INFO - ============================================================
2026-03-28 04:57:56,192 - INFO - FIDE Data Update Process Started
2026-03-28 04:57:56,192 - INFO - ============================================================
2026-03-28 04:57:56,192 - INFO - Downloading FIDE data from https://ratings.fide.com/download/standard_rating_list_xml.zip
2026-03-28 04:57:58,370 - INFO - Downloaded 13673653 bytes
2026-03-28 04:57:58,633 - INFO - Extracted XML file: temp/standard_rating_list.xml
2026-03-28 04:57:58,634 - INFO - Parsing XML data...
2026-03-28 04:58:03,927 - INFO - Parsed 541202 total players, kept 24069 titled players
2026-03-28 04:58:04,117 - INFO - Generating JSON output...
2026-03-28 04:58:04,117 - INFO - Aggregated data for 196 countries
2026-03-28 04:58:04,118 - WARNING - Could not extract month from filename: standard_rating_list.xml, using current month
2026-03-28 04:58:04,118 - INFO - Data is for month: MAR
2026-03-28 04:58:04,118 - INFO - No monthly_changes.json found - will create new
2026-03-28 04:58:04,118 - INFO - Added new entry for MAR 2026
2026-03-28 04:58:04,118 - INFO - Updated monthly_changes.json
2026-03-28 04:58:04,118 - INFO - Monthly changes for MAR: +1, -0, net: 1
2026-03-28 04:58:04,118 - INFO - Total worldwide: 1878 GMs, 339 WGMs
2026-03-28 04:58:04,125 - INFO - JSON file saved successfully: titled_players_by_country.json
2026-03-28 04:58:04,125 - INFO - Metadata saved: March 28, 2026
2026-03-28 04:58:04,125 - INFO - ============================================================
2026-03-28 04:58:04,125 - INFO - FIDE Data Update Process Completed Successfully!
2026-03-28 04:58:04,125 - INFO - ============================================================
2026-03-30 05:30:06,193 - INFO - Loaded previous data for comparison
2026-03-30 05:30:06,193 - INFO - Processing new data...
2026-03-30 05:30:06,193 - INFO - ============================================================
2026-03-30 05:30:06,193 - INFO - FIDE Data Update Process Started
2026-03-30 05:30:06,194 - INFO - ============================================================
2026-03-30 05:30:06,194 - INFO - Downloading FIDE data from https://ratings.fide.com/download/standard_rating_list_xml.zip
2026-03-30 05:30:08,038 - INFO - Downloaded 13673647 bytes
2026-03-30 05:30:08,310 - INFO - Extracted XML file: temp/standard_rating_list.xml
2026-03-30 05:30:08,311 - INFO - Parsing XML data...
2026-03-30 05:30:13,672 - INFO - Parsed 541202 total players, kept 24069 titled players
2026-03-30 05:30:13,885 - INFO - Generating JSON output...
2026-03-30 05:30:13,885 - INFO - Aggregated data for 196 countries
2026-03-30 05:30:13,886 - WARNING - Could not extract month from filename: standard_rating_list.xml, using current month
2026-03-30 05:30:13,886 - INFO - Data is for month: MAR
2026-03-30 05:30:13,886 - INFO - No monthly_changes.json found - will create new
2026-03-30 05:30:13,886 - INFO - Added new entry for MAR 2026
2026-03-30 05:30:13,886 - INFO - Updated monthly_changes.json
2026-03-30 05:30:13,887 - INFO - Monthly changes for MAR: +1, -1, net: 0
2026-03-30 05:30:13,887 - INFO - Total worldwide: 1878 GMs, 339 WGMs
2026-03-30 05:30:13,893 - INFO - JSON file saved successfully: titled_players_by_country.json
2026-03-30 05:30:13,893 - INFO - Metadata saved: March 30, 2026
2026-03-30 05:30:13,894 - INFO - ============================================================
2026-03-30 05:30:13,894 - INFO - FIDE Data Update Process Completed Successfully!
2026-03-30 05:30:13,894 - INFO - ============================================================
2026-03-31 05:14:55,821 - INFO - Loaded previous data for comparison
2026-03-31 05:14:55,821 - INFO - Processing new data...
2026-03-31 05:14:55,821 - INFO - ============================================================
2026-03-31 05:14:55,821 - INFO - FIDE Data Update Process Started
2026-03-31 05:14:55,821 - INFO - ============================================================
2026-03-31 05:14:55,821 - INFO - Downloading FIDE data from https://ratings.fide.com/download/standard_rating_list_xml.zip
2026-03-31 05:14:58,361 - INFO - Downloaded 14156115 bytes
2026-03-31 05:14:58,640 - INFO - Extracted XML file: temp/standard_rating_list.xml
2026-03-31 05:14:58,641 - INFO - Parsing XML data...
2026-03-31 05:15:04,025 - INFO - Parsed 558557 total players, kept 24070 titled players
2026-03-31 05:15:04,242 - INFO - Generating JSON output...
2026-03-31 05:15:04,242 - INFO - Aggregated data for 196 countries
2026-03-31 05:15:04,243 - WARNING - Could not extract month from filename: standard_rating_list.xml, using current month
2026-03-31 05:15:04,243 - INFO - Data is for month: MAR
2026-03-31 05:15:04,244 - INFO - No monthly_changes.json found - will create new
2026-03-31 05:15:04,244 - INFO - Added new entry for MAR 2026
2026-03-31 05:15:04,244 - INFO - Updated monthly_changes.json
2026-03-31 05:15:04,244 - INFO - Monthly changes for MAR: +1, -0, net: 1
2026-03-31 05:15:04,244 - INFO - Total worldwide: 1878 GMs, 339 WGMs
2026-03-31 05:15:04,257 - INFO - JSON file saved successfully: titled_players_by_country.json
2026-03-31 05:15:04,257 - INFO - Metadata saved: March 31, 2026
2026-03-31 05:15:04,258 - INFO - ============================================================
2026-03-31 05:15:04,258 - INFO - FIDE Data Update Process Completed Successfully!
2026-03-31 05:15:04,258 - INFO - ============================================================
2026-04-01 05:28:26,760 - INFO - Loaded previous data for comparison
2026-04-01 05:28:26,760 - INFO - Processing new data...
2026-04-01 05:28:26,760 - INFO - ============================================================
2026-04-01 05:28:26,760 - INFO - FIDE Data Update Process Started
2026-04-01 05:28:26,760 - INFO - ============================================================
2026-04-01 05:28:26,760 - INFO - Downloading FIDE data from https://ratings.fide.com/download/standard_rating_list_xml.zip
2026-04-01 05:30:04,467 - INFO - Downloaded 13810025 bytes
2026-04-01 05:30:04,738 - INFO - Extracted XML file: temp/standard_rating_list.xml
2026-04-01 05:30:04,739 - INFO - Parsing XML data...
2026-04-01 05:30:10,135 - INFO - Parsed 545533 total players, kept 24071 titled players
2026-04-01 05:30:10,354 - INFO - Generating JSON output...
2026-04-01 05:30:10,355 - INFO - Aggregated data for 196 countries
2026-04-01 05:30:10,356 - WARNING - Could not extract month from filename: standard_rating_list.xml, using current month
2026-04-01 05:30:10,356 - INFO - Data is for month: APR
2026-04-01 05:30:10,356 - INFO - No monthly_changes.json found - will create new
2026-04-01 05:30:10,356 - INFO - Added new entry for APR 2026
2026-04-01 05:30:10,356 - INFO - Updated monthly_changes.json
2026-04-01 05:30:10,356 - INFO - Monthly changes for APR: +6, -5, net: 1
2026-04-01 05:30:10,356 - INFO - Total worldwide: 1878 GMs, 339 WGMs
2026-04-01 05:30:10,363 - INFO - JSON file saved successfully: titled_players_by_country.json
2026-04-01 05:30:10,363 - INFO - Metadata saved: April 01, 2026
2026-04-01 05:30:10,364 - INFO - ============================================================
2026-04-01 05:30:10,364 - INFO - FIDE Data Update Process Completed Successfully!
2026-04-01 05:30:10,364 - INFO - ============================================================
2026-04-02 05:07:16,189 - INFO - Loaded previous data for comparison
2026-04-02 05:07:16,189 - INFO - Processing new data...
2026-04-02 05:07:16,189 - INFO - ============================================================
2026-04-02 05:07:16,189 - INFO - FIDE Data Update Process Started
2026-04-02 05:07:16,189 - INFO - ============================================================
2026-04-02 05:07:16,189 - INFO - Downloading FIDE data from https://ratings.fide.com/download/standard_rating_list_xml.zip
2026-04-02 05:07:18,974 - INFO - Downloaded 13810265 bytes
2026-04-02 05:07:19,225 - INFO - Extracted XML file: temp/standard_rating_list.xml
2026-04-02 05:07:19,226 - INFO - Parsing XML data...
2026-04-02 05:07:24,030 - INFO - Parsed 545535 total players, kept 24084 titled players
2026-04-02 05:07:24,224 - INFO - Generating JSON output...
2026-04-02 05:07:24,225 - INFO - Aggregated data for 196 countries
2026-04-02 05:07:24,226 - WARNING - Could not extract month from filename: standard_rating_list.xml, using current month
2026-04-02 05:07:24,226 - INFO - Data is for month: APR
2026-04-02 05:07:24,226 - INFO - No monthly_changes.json found - will create new
2026-04-02 05:07:24,226 - INFO - Added new entry for APR 2026
2026-04-02 05:07:24,226 - INFO - Updated monthly_changes.json
2026-04-02 05:07:24,226 - INFO - Monthly changes for APR: +17, -4, net: 13
2026-04-02 05:07:24,227 - INFO - Total worldwide: 1878 GMs, 339 WGMs
2026-04-02 05:07:24,238 - INFO - JSON file saved successfully: titled_players_by_country.json
2026-04-02 05:07:24,238 - INFO - Metadata saved: April 02, 2026
2026-04-02 05:07:24,239 - INFO - ============================================================
2026-04-02 05:07:24,239 - INFO - FIDE Data Update Process Completed Successfully!
2026-04-02 05:07:24,239 - INFO - ============================================================
2026-04-03 05:10:05,518 - INFO - Loaded previous data for comparison
2026-04-03 05:10:05,518 - INFO - Processing new data...
2026-04-03 05:10:05,518 - INFO - ============================================================
2026-04-03 05:10:05,518 - INFO - FIDE Data Update Process Started
2026-04-03 05:10:05,518 - INFO - ============================================================
2026-04-03 05:10:05,518 - INFO - Downloading FIDE data from https://ratings.fide.com/download/standard_rating_list_xml.zip
2026-04-03 05:10:07,338 - INFO - Downloaded 13810265 bytes
2026-04-03 05:10:07,611 - INFO - Extracted XML file: temp/standard_rating_list.xml
2026-04-03 05:10:07,613 - INFO - Parsing XML data...
2026-04-03 05:10:13,058 - INFO - Parsed 545535 total players, kept 24086 titled players
2026-04-03 05:10:13,273 - INFO - Generating JSON output...
2026-04-03 05:10:13,273 - INFO - Aggregated data for 196 countries
2026-04-03 05:10:13,274 - WARNING - Could not extract month from filename: standard_rating_list.xml, using current month
2026-04-03 05:10:13,274 - INFO - Data is for month: APR
2026-04-03 05:10:13,274 - INFO - No monthly_changes.json found - will create new
2026-04-03 05:10:13,274 - INFO - Added new entry for APR 2026
2026-04-03 05:10:13,275 - INFO - Updated monthly_changes.json
2026-04-03 05:10:13,275 - INFO - Monthly changes for APR: +3, -1, net: 2
2026-04-03 05:10:13,275 - INFO - Total worldwide: 1878 GMs, 339 WGMs
2026-04-03 05:10:13,281 - INFO - JSON file saved successfully: titled_players_by_country.json
2026-04-03 05:10:13,281 - INFO - Metadata saved: April 03, 2026
2026-04-03 05:10:13,282 - INFO - ============================================================
2026-04-03 05:10:13,282 - INFO - FIDE Data Update Process Completed Successfully!
2026-04-03 05:10:13,282 - INFO - ============================================================
2026-04-04 04:55:29,436 - INFO - Loaded previous data for comparison
2026-04-04 04:55:29,436 - INFO - Processing new data...
2026-04-04 04:55:29,436 - INFO - ============================================================
2026-04-04 04:55:29,436 - INFO - FIDE Data Update Process Started
2026-04-04 04:55:29,436 - INFO - ============================================================
2026-04-04 04:55:29,436 - INFO - Downloading FIDE data from https://ratings.fide.com/download/standard_rating_list_xml.zip
2026-04-04 04:55:32,439 - INFO - Downloaded 13810321 bytes
2026-04-04 04:55:32,707 - INFO - Extracted XML file: temp/standard_rating_list.xml
2026-04-04 04:55:32,708 - INFO - Parsing XML data...
2026-04-04 04:55:37,876 - INFO - Parsed 545534 total players, kept 24086 titled players
2026-04-04 04:55:38,094 - INFO - Generating JSON output...
2026-04-04 04:55:38,095 - INFO - Aggregated data for 196 countries
2026-04-04 04:55:38,095 - WARNING - Could not extract month from filename: standard_rating_list.xml, using current month
2026-04-04 04:55:38,095 - INFO - Data is for month: APR
2026-04-04 04:55:38,096 - INFO - No monthly_changes.json found - will create new
2026-04-04 04:55:38,096 - INFO - Added new entry for APR 2026
2026-04-04 04:55:38,096 - INFO - Updated monthly_changes.json
2026-04-04 04:55:38,096 - INFO - Monthly changes for APR: +0, -0, net: 0
2026-04-04 04:55:38,096 - INFO - Total worldwide: 1878 GMs, 339 WGMs
2026-04-04 04:55:38,103 - INFO - JSON file saved successfully: titled_players_by_country.json
2026-04-04 04:55:38,103 - INFO - Metadata saved: April 04, 2026
2026-04-04 04:55:38,104 - INFO - ============================================================
2026-04-04 04:55:38,104 - INFO - FIDE Data Update Process Completed Successfully!
2026-04-04 04:55:38,104 - INFO - ============================================================
2026-04-05 05:18:15,086 - INFO - Loaded previous data for comparison
2026-04-05 05:18:15,086 - INFO - Processing new data...
2026-04-05 05:18:15,086 - INFO - ============================================================
2026-04-05 05:18:15,086 - INFO - FIDE Data Update Process Started
2026-04-05 05:18:15,087 - INFO - ============================================================
2026-04-05 05:18:15,087 - INFO - Downloading FIDE data from https://ratings.fide.com/download/standard_rating_list_xml.zip
2026-04-05 05:18:17,305 - INFO - Downloaded 13810390 bytes
2026-04-05 05:18:17,574 - INFO - Extracted XML file: temp/standard_rating_list.xml
2026-04-05 05:18:17,576 - INFO - Parsing XML data...
2026-04-05 05:18:23,170 - INFO - Parsed 545534 total players, kept 24086 titled players
2026-04-05 05:18:23,385 - INFO - Generating JSON output...
2026-04-05 05:18:23,385 - INFO - Aggregated data for 196 countries
2026-04-05 05:18:23,386 - WARNING - Could not extract month from filename: standard_rating_list.xml, using current month
2026-04-05 05:18:23,386 - INFO - Data is for month: APR
2026-04-05 05:18:23,386 - INFO - No monthly_changes.json found - will create new
2026-04-05 05:18:23,386 - INFO - Added new entry for APR 2026
2026-04-05 05:18:23,386 - INFO - Updated monthly_changes.json
2026-04-05 05:18:23,387 - INFO - Monthly changes for APR: +0, -0, net: 0
2026-04-05 05:18:23,387 - INFO - Total worldwide: 1878 GMs, 339 WGMs
2026-04-05 05:18:23,394 - INFO - JSON file saved successfully: titled_players_by_country.json
2026-04-05 05:18:23,394 - INFO - Metadata saved: April 05, 2026
2026-04-05 05:18:23,394 - INFO - ============================================================
2026-04-05 05:18:23,394 - INFO - FIDE Data Update Process Completed Successfully!
2026-04-05 05:18:23,394 - INFO - ============================================================
2026-04-06 05:30:00,187 - INFO - Loaded previous data for comparison
2026-04-06 05:30:00,188 - INFO - Processing new data...
2026-04-06 05:30:00,188 - INFO - ============================================================
2026-04-06 05:30:00,188 - INFO - FIDE Data Update Process Started
2026-04-06 05:30:00,188 - INFO - ============================================================
2026-04-06 05:30:00,188 - INFO - Downloading FIDE data from https://ratings.fide.com/download/standard_rating_list_xml.zip
2026-04-06 05:30:01,995 - INFO - Downloaded 13810421 bytes
2026-04-06 05:30:02,266 - INFO - Extracted XML file: temp/standard_rating_list.xml
2026-04-06 05:30:02,268 - INFO - Parsing XML data...
2026-04-06 05:30:07,585 - INFO - Parsed 545534 total players, kept 24101 titled players
2026-04-06 05:30:07,888 - INFO - Generating JSON output...
2026-04-06 05:30:07,888 - INFO - Aggregated data for 196 countries
2026-04-06 05:30:07,889 - WARNING - Could not extract month from filename: standard_rating_list.xml, using current month
2026-04-06 05:30:07,889 - INFO - Data is for month: APR
2026-04-06 05:30:07,889 - INFO - No monthly_changes.json found - will create new
2026-04-06 05:30:07,889 - INFO - Added new entry for APR 2026
2026-04-06 05:30:07,890 - INFO - Updated monthly_changes.json
2026-04-06 05:30:07,890 - INFO - Monthly changes for APR: +19, -4, net: 15
2026-04-06 05:30:07,890 - INFO - Total worldwide: 1878 GMs, 339 WGMs
2026-04-06 05:30:07,902 - INFO - JSON file saved successfully: titled_players_by_country.json
2026-04-06 05:30:07,903 - INFO - Metadata saved: April 06, 2026
2026-04-06 05:30:07,903 - INFO - ============================================================
2026-04-06 05:30:07,903 - INFO - FIDE Data Update Process Completed Successfully!
2026-04-06 05:30:07,903 - INFO - ============================================================
2026-04-07 05:14:58,843 - INFO - Loaded previous data for comparison
2026-04-07 05:14:58,843 - INFO - Processing new data...
2026-04-07 05:14:58,843 - INFO - ============================================================
2026-04-07 05:14:58,843 - INFO - FIDE Data Update Process Started
2026-04-07 05:14:58,843 - INFO - ============================================================
2026-04-07 05:14:58,843 - INFO - Downloading FIDE data from https://ratings.fide.com/download/standard_rating_list_xml.zip
2026-04-07 05:15:01,403 - INFO - Downloaded 13810464 bytes
2026-04-07 05:15:01,676 - INFO - Extracted XML file: temp/standard_rating_list.xml
2026-04-07 05:15:01,677 - INFO - Parsing XML data...
2026-04-07 05:15:07,005 - INFO - Parsed 545534 total players, kept 24110 titled players
2026-04-07 05:15:07,220 - INFO - Generating JSON output...
2026-04-07 05:15:07,220 - INFO - Aggregated data for 196 countries
2026-04-07 05:15:07,221 - WARNING - Could not extract month from filename: standard_rating_list.xml, using current month
2026-04-07 05:15:07,221 - INFO - Data is for month: APR
2026-04-07 05:15:07,221 - INFO - No monthly_changes.json found - will create new
2026-04-07 05:15:07,221 - INFO - Added new entry for APR 2026
2026-04-07 05:15:07,221 - INFO - Updated monthly_changes.json
2026-04-07 05:15:07,221 - INFO - Monthly changes for APR: +11, -2, net: 9
2026-04-07 05:15:07,222 - INFO - Total worldwide: 1878 GMs, 339 WGMs
2026-04-07 05:15:07,228 - INFO - JSON file saved successfully: titled_players_by_country.json
2026-04-07 05:15:07,228 - INFO - Metadata saved: April 07, 2026
2026-04-07 05:15:07,229 - INFO - ============================================================
2026-04-07 05:15:07,229 - INFO - FIDE Data Update Process Completed Successfully!
2026-04-07 05:15:07,229 - INFO - ============================================================
2026-04-08 05:17:05,643 - INFO - Loaded previous data for comparison
2026-04-08 05:17:05,643 - INFO - Processing new data...
2026-04-08 05:17:05,643 - INFO - ============================================================
2026-04-08 05:17:05,643 - INFO - FIDE Data Update Process Started
2026-04-08 05:17:05,643 - INFO - ============================================================
2026-04-08 05:17:05,643 - INFO - Downloading FIDE data from https://ratings.fide.com/download/standard_rating_list_xml.zip
2026-04-08 05:17:07,497 - INFO - Downloaded 13810973 bytes
2026-04-08 05:17:07,784 - INFO - Extracted XML file: temp/standard_rating_list.xml
2026-04-08 05:17:07,786 - INFO - Parsing XML data...
2026-04-08 05:17:13,167 - INFO - Parsed 545534 total players, kept 24110 titled players
2026-04-08 05:17:13,405 - INFO - Generating JSON output...
2026-04-08 05:17:13,405 - INFO - Aggregated data for 196 countries
2026-04-08 05:17:13,406 - WARNING - Could not extract month from filename: standard_rating_list.xml, using current month
2026-04-08 05:17:13,406 - INFO - Data is for month: APR
2026-04-08 05:17:13,406 - INFO - No monthly_changes.json found - will create new
2026-04-08 05:17:13,406 - INFO - Added new entry for APR 2026
2026-04-08 05:17:13,406 - INFO - Updated monthly_changes.json
2026-04-08 05:17:13,407 - INFO - Monthly changes for APR: +0, -0, net: 0
2026-04-08 05:17:13,407 - INFO - Total worldwide: 1878 GMs, 339 WGMs
2026-04-08 05:17:13,414 - INFO - JSON file saved successfully: titled_players_by_country.json
2026-04-08 05:17:13,414 - INFO - Metadata saved: April 08, 2026
2026-04-08 05:17:13,414 - INFO - ============================================================
2026-04-08 05:17:13,414 - INFO - FIDE Data Update Process Completed Successfully!
2026-04-08 05:17:13,414 - INFO - ============================================================
2026-04-09 05:15:36,234 - INFO - Loaded previous data for comparison
2026-04-09 05:15:36,234 - INFO - Processing new data...
2026-04-09 05:15:36,234 - INFO - ============================================================
2026-04-09 05:15:36,234 - INFO - FIDE Data Update Process Started
2026-04-09 05:15:36,234 - INFO - ============================================================
2026-04-09 05:15:36,235 - INFO - Downloading FIDE data from https://ratings.fide.com/download/standard_rating_list_xml.zip
2026-04-09 05:15:38,373 - INFO - Downloaded 13810946 bytes
2026-04-09 05:15:38,636 - INFO - Extracted XML file: temp/standard_rating_list.xml
2026-04-09 05:15:38,637 - INFO - Parsing XML data...
2026-04-09 05:15:43,875 - INFO - Parsed 545534 total players, kept 24115 titled players
2026-04-09 05:15:44,066 - INFO - Generating JSON output...
2026-04-09 05:15:44,066 - INFO - Aggregated data for 196 countries
2026-04-09 05:15:44,067 - WARNING - Could not extract month from filename: standard_rating_list.xml, using current month
2026-04-09 05:15:44,067 - INFO - Data is for month: APR
2026-04-09 05:15:44,067 - INFO - No monthly_changes.json found - will create new
2026-04-09 05:15:44,068 - INFO - Added new entry for APR 2026
2026-04-09 05:15:44,068 - INFO - Updated monthly_changes.json
2026-04-09 05:15:44,068 - INFO - Monthly changes for APR: +5, -0, net: 5
2026-04-09 05:15:44,068 - INFO - Total worldwide: 1878 GMs, 339 WGMs
2026-04-09 05:15:44,081 - INFO - JSON file saved successfully: titled_players_by_country.json
2026-04-09 05:15:44,081 - INFO - Metadata saved: April 09, 2026
2026-04-09 05:15:44,082 - INFO - ============================================================
2026-04-09 05:15:44,082 - INFO - FIDE Data Update Process Completed Successfully!
2026-04-09 05:15:44,082 - INFO - ============================================================
2026-04-10 05:29:52,329 - INFO - Loaded previous data for comparison
2026-04-10 05:29:52,330 - INFO - Processing new data...
2026-04-10 05:29:52,330 - INFO - ============================================================
2026-04-10 05:29:52,330 - INFO - FIDE Data Update Process Started
2026-04-10 05:29:52,330 - INFO - ============================================================
2026-04-10 05:29:52,330 - INFO - Downloading FIDE data from https://ratings.fide.com/download/standard_rating_list_xml.zip
2026-04-10 05:29:54,523 - INFO - Downloaded 13811036 bytes
2026-04-10 05:29:54,792 - INFO - Extracted XML file: temp/standard_rating_list.xml
2026-04-10 05:29:54,794 - INFO - Parsing XML data...
2026-04-10 05:30:00,063 - INFO - Parsed 545534 total players, kept 24115 titled players
2026-04-10 05:30:00,283 - INFO - Generating JSON output...
2026-04-10 05:30:00,284 - INFO - Aggregated data for 196 countries
2026-04-10 05:30:00,285 - WARNING - Could not extract month from filename: standard_rating_list.xml, using current month
2026-04-10 05:30:00,285 - INFO - Data is for month: APR
2026-04-10 05:30:00,285 - INFO - No monthly_changes.json found - will create new
2026-04-10 05:30:00,285 - INFO - Added new entry for APR 2026
2026-04-10 05:30:00,285 - INFO - Updated monthly_changes.json
2026-04-10 05:30:00,285 - INFO - Monthly changes for APR: +0, -0, net: 0
2026-04-10 05:30:00,285 - INFO - Total worldwide: 1878 GMs, 339 WGMs
2026-04-10 05:30:00,292 - INFO - JSON file saved successfully: titled_players_by_country.json
2026-04-10 05:30:00,292 - INFO - Metadata saved: April 10, 2026
2026-04-10 05:30:00,292 - INFO - ============================================================
2026-04-10 05:30:00,292 - INFO - FIDE Data Update Process Completed Successfully!
2026-04-10 05:30:00,292 - INFO - ============================================================
